1,22,27,31,57,62,64,Ideology,Group,Website
,Apache,,,,,,KKK,Loyal White Knights of the Ku Klux Klan,http://www.kkkknights.com/
Drupal,,PHP,Cloudflare,,,,Anti-Immigrant,Center for Immigration Studies,https://cis.org/
WordPress,,PHP,Cloudflare,,,,Neo-Confederate,League of the South,https://leagueofthesouth.com/
,Nginx,,,,SiteGround,Nginx,Anti-Muslim,"United West, The",https://www.theunitedwest.org/
,Apache,,,,,,Anti-Immigrant,Legal Immigrants for America,https://www.golifa.com/
,"Nginx, OpenResty",Lua,,,,Nginx,Anti-Immigrant,ProEnglish,https://proenglish.org/
,Nginx,,,,,Nginx,Anti-LGBT,American College of Pediatricians,https://acpeds.org/
,"Nginx, OpenResty",Lua,,,,Nginx,Anti-Muslim,Virginia Christian Alliance,https://vachristian.org/
,Apache,,,,,,Anti-LGBT,American Family Association Pennsylvania,http://afaofpa.org/
,,,Cloudflare,,,,Black Nationalist,All Eyes On Egipt Bookstore,https://alleyesonegiptchgo.webs.com/
Drupal,,PHP,Cloudflare,,,,Christian Identity,Christogenea,https://christogenea.org/
,Phusion Passenger,,Cloudflare,,,,Hate Music & Neo-Nazi,Behold Barbarity,https://www.storenvy.com/?utm_campaign=store404redirect&utm_medium=redirect&utm_source=system
,"Nginx, OpenResty",Lua,,,,Nginx,Hate Music & Neo-Nazi,United Riot Records,https://www.tumblr.com/search_no_results
,,,,,,,Rad Catholics,Culture Wars/Fidelity Press,https://culturewars.com/
,,,,,,,Black Nationalist,War On The Horizon,http://waronthehorizon.com/
,Apache,,,,,,Anti-LGBT,D. James Kennedy Ministries,https://www.djameskennedy.org/
WordPress,,PHP,Cloudflare,,,,Neo-Confederate,The Right Stuff Radio,https://therightstuff.biz/
,Nginx,,,,,Nginx,Hate Music & Neo-Nazi,American Front,http://ww38.americanfront.org/
,Nginx,,,,,Nginx,Black Nationalist,Nation of Islam,https://addr.ws/the-nation-of-islam-lexington-ky-study-group--lexington-us.html
,Apache,,,,,,Rad Catholics,Tradition in Action,https://www.traditioninaction.org/
WordPress,Apache,PHP,,,,,Rad Catholics,Most Holy Family Monastery,https://www.mostholyfamilymonastery.com/
WordPress,Nginx,,,,Automattic,Nginx,Hate Music & Neo-Nazi,Attack the System,https://attackthesystem.com/
,"Nginx, OpenResty",Lua,,,,Nginx,Anti-LGBT,Conservative Republicans of Texas,https://crtpac.com/
,Nginx,,,,,Nginx,Holocaust Denial,Truth Will Out Films,https://twofilms.tv/
,,,Cloudflare,,,,Holocaust Denial,Committee for Open Debate on the Holocaust,https://codoh.com/
WordPress,Apache,PHP,,,,,KKK,White Pride Radio,https://altrighttv.com/
Wix,Nginx,,,,,Nginx,Christian Identity,America's Promise Ministries,https://www.americaspromiseministries.org/
WordPress,Apache,PHP,,,,,Holocaust Denial,Barnes Review/Foundation for Economic Liberty,https://barnesreview.org/
,,,Cloudflare,,,,Holocaust Denial,Righteous Jews,https://www.righteousjews.org/
WordPress,Apache,PHP,,,,,Hate Music & Neo-Nazi,The Creativity Alliance,https://creativityalliance.com/
,,,Cloudflare,,,,KKK,Great Lake Knights,https://greatlakesknights.my-free.website/
,IIS,,Cloudflare,,,,Anti-LGBT,MaineResistance (chapter of Mass Resistance),https://www.hugedomains.com/domain_profile.cfm?d=reclaimvirtue&e=com
,,,Cloudflare,,,,Anti-LGBT,MassResistance,https://www.massresistance.org/
,,,,,,,Hate Music & Neo-Nazi,Heathens Motorcycle Club,https://heathensmf.com/
WordPress,,PHP,Cloudflare,,SiteGround,,General Hate,American Clarion,https://www.americanclarion.com/
,,,,,,,Neo-Confederate,The Free Magnolia,https://freemagnolia.org/
WordPress,Nginx,PHP,,,,Nginx,Anti-LGBT,Pacific Justice Institute,https://www.pacificjustice.org/
,Apache,PHP,,,,,Hate Music & Neo-Nazi,MSR Productions,https://msrproductions.com/
WordPress,Nginx,,,,Automattic,Nginx,Anti-Muslim,Refugee Resettlement Watch,http://refugeeresettlementwatch.wordpress.com/
,,,,,,,Holocaust Denial,Gilad Atzmon,https://gilad.online/
,IIS,,Cloudflare,,,,Hate Music & Neo-Nazi,Crew38 & Hammerskin Nation forum,https://www.hugedomains.com/domain_profile.cfm?d=crew38&e=com
,,,Cloudflare,,,,KKK,Great Lakes Knights,https://greatlakesknights.my-free.website/
,Apache,,,,,,Anti-LGBT,Mission: America,https://www.missionamerica.com/
WordPress,Apache,PHP,,,,,Anti-LGBT,Probe Ministries,https://probe.org/
WordPress,,PHP,Cloudflare,,,,General Hate,American Free Press,https://americanfreepress.net/
,Apache,,,,,,Anti-LGBT,Pilgrims Covenant Church (WI),https://www.pccmonroe.org/
WordPress,Nginx,PHP,,,,Nginx,Anti-LGBT,"Pray in Jesus Name Project, the",https://www.prayinjesusname.org/
,Apache,,,,,,Hate Music & Neo-Nazi,American Viking Clothing,https://www.americanvikings.com/
,IIS,PHP,,,,,White Nationalist,Rense Radio,https://rense.com//
,Nginx,,,,,Nginx,White Nationalist,NPI,https://nationalpolicy.institute/
,IIS,,,,,,Anti-Muslim,Truth in Love Project,https://www.tilproject.com/
,Apache,"Perl, PHP",,,,,Anti-LGBT,Liberty Counsel,https://www.lc.org/
WordPress,Apache,PHP,,,,,Black Nationalist,Nation of Islam,https://noidc.org/
WordPress,Apache,PHP,,,,,Christian Identity,Anglo-Saxon Israel,https://anglo-saxonisrael.com/
,Apache,,,,,,Black Nationalist,Nation of Islam,https://wildcard.hostgator.com/
,IIS,,Cloudflare,,,,Hate Music & Neo-Nazi,Supreme White Alliance,https://www.hugedomains.com/domain_profile.cfm?d=swa43&e=com
,,,Cloudflare,,,,Rad Catholics,"Remnant, The/The Remnant Press",https://remnantnewspaper.com/web/index.php
WordPress,Apache,PHP,,,,,Hate Music & Neo-Nazi,nan,https://reviewskart.co.uk/
,Nginx,,,,,Nginx,Hate Music & Neo-Nazi,Parasitic Records,https://bandcamp.com/tag/parasitic-records
,Apache,,,,,,Black Nationalist,New Black Panther Party for Self Defense,https://www.nbppnational.org/
WordPress,Apache,PHP,,,,,Anti-Muslim,Citizens for National Security,https://cfns.us/
,IIS,,,,,,Hate Music & Neo-Nazi,National Alliance Reform and Restoration Group,http://www.narrg.com/
,Apache,,,,,,Hate Music & Neo-Nazi,Get Some 88,http://www.getsome88.com/
WordPress,Apache,PHP,,,,,Neo-Confederate,Southern Agrarian,http://www.southernagrarian.com/
,Apache,,,,,,Black Nationalist,Nation of Islam,https://etrigg.com/location/muhammad-mosque-3-4202-n-teutonia-ave-53209-milwaukee-united-states/2988321/
,IIS,,Cloudflare,,,,Hate Music & Neo-Nazi,Supreme White Alliance,https://www.hugedomains.com/domain_profile.cfm?d=swa43&e=com
,,PHP,Cloudflare,,,,KKK,Rebel Brigade Knights of the Ku Klux Klan,http://rebelbrigadeknightstrueinvisibleempire.yolasite.com
Drupal,Apache,PHP,,,,,Christian Identity,Fellowship of God's Covenant People,http://fgcp.org/
,Apache,,,,,,Christian Identity,Christian Identity Church,http://christianidentitychurch.net/
,,,,,,,White Nationalist,H.L. Mencken Club,http://hlmenckenclub.org/
WordPress,Apache,PHP,,,,,Rad Catholics,In the Spirit of Chartres Committee,https://isoc.ws/
,IIS,,Cloudflare,,,,Black Nationalist,Nation of Islam,https://v1.noi.org/reg_western_region.htm
,Apache,,,,,,Holocaust Denial,Irving Books,https://irvingbooks.com/xcart/home.php
,,,,,,,General Hate,Christian Anti-Defamation Commission,http://www.defendchristians.org/
,Apache Traffic Server,,,,,,Black Nationalist,Israelite School of Universal Practical Knowledge,http://www.isupk.org/
,,,,,,,Hate Music & Neo-Nazi,Golden State Skinheads/Solidarity,http://www.goldenstateskinheads.net/
,,,,,,,Anti-Muslim,III% Security Force,http://www.iiisecurityforce.com/
,,,,,,,Hate Music & Neo-Nazi,Stomp Out Child Abuse Compilation,http://www.chesterstomp.com/store.html
,Apache,,,,,,Rad Catholics,IHM Media,http://ihmmedia.net/
,Nginx,,,,,Nginx,Black Nationalist,All Eyes on Egipt Bookstore,http://www.thenationspeaks.org/
,Apache,PHP,,,,,Hate Music & Neo-Nazi,Label 56,http://www.label56.com/
,,,,,,,Hate Music & Neo-Nazi,American Viking Clothing,http://americanvikings.us
,Nginx,,,,,Nginx,Anti-Muslim,Team America Political Action Committee,https://teamamericapac.com/
WordPress,,PHP,Cloudflare,,,,White Nationalist,The Political Cesspool,https://www.thepoliticalcesspool.org/
,Nginx,,,,,Nginx,Hate Music & Neo-Nazi,Hells Headbangers,https://hellsheadbangers.bandcamp.com/
WordPress,,PHP,Cloudflare,,WP Engine,,Neo-Confederate,Faith And Heritage,http://faithandheritage.com/
WordPress,,PHP,Cloudflare,,WP Engine,,White Nationalist,Faith and Heritage,https://faithandheritage.com/
,Apache,,,,,,Christian Identity,Yahweh's Truth,http://www.jameswickstrom.com/cgi-sys/suspendedpage.cgi
Wix,Nginx,,,,,Nginx,General Hate,Insight USA,https://www.insightusa.us/
,Apache,,,,,,Anti-Muslim,American Freedom Law Center,https://www.americanfreedomlawcenter.org/
,Apache,,,,,,Anti-LGBT,"Campus Ministry, USA, The",http://www.brojed.org/cms/
,"Nginx, OpenResty",Lua,,,,Nginx,Anti-Muslim,Secure Michigan,http://ww7.securemichigan.org/
,,,Cloudflare,,,,Hate Music & Neo-Nazi,American Nazi Party,https://www.americannaziparty.com/
WordPress,Apache,PHP,,,,,Anti-Muslim,Understanding the Threat,https://www.understandingthethreat.com/
WordPress,,PHP,Cloudflare,,,,Anti-LGBT,American Vision,https://americanvision.org/
,Apache,,,,,,General Hate,National Prayer Network,https://truthtellers.org/index.html
,,PHP,Cloudflare,,,,Anti-LGBT,Westboro Baptist Church,https://www.godhatesfags.com/
WordPress,,PHP,Cloudflare,,,,Anti-Muslim,Bare Naked Islam,https://www.barenakedislam.com/
WordPress,,PHP,Cloudflare,,WP Engine,,White Nationalist,American Renaissance,https://www.amren.com/
WordPress,,PHP,Cloudflare,,,,Anti-LGBT,United Families International,https://www.unitedfamilies.org/
,,,Cloudflare,,,,Black Nationalist,Nation of Islam,https://muhammadmosque24.webs.com/
,Tengine,PHP,,,,,KKK,Texas Rebel Knights,https://www.texasrebelknightskkk.com/
WordPress,Apache,PHP,,,,,Black Nationalist,Nation of Islam,http://www.noiatlanta.org/
,Apache,,,,,,Hate Music & Neo-Nazi,nan,https://www.combat18.com/
WordPress,Apache,PHP,,,,,White Nationalist,Traditionalist Youth Network,https://www.tradyouth.org/
,Cowboy,Erlang,,,,,Anti-LGBT,Generations with Vision (CO),https://www.generations.org/
,"Nginx, OpenResty",Lua,,,,Nginx,KKK,United Northern and Southern Knights of the Ku Klux Klan,http://ww7.unskkkk.com/
WordPress,Apache,PHP,,,,,Anti-Muslim,"Straight Way and More, The",https://www.thestraightway.org/
WordPress,,PHP,Cloudflare,,,,Anti-LGBT,TC Family (Traverse City; MI),https://tcfamily.org/
WordPress,Nginx,PHP,,,,Nginx,Hate Music & Neo-Nazi,Third Reich Books,https://third-reich-books.com/
,,,Cloudflare,,,,Anti-Muslim,Bomb Islam,https://www.bitchute.com/channel/bombislamdotcom/
,Apache,,,,,,Anti-Muslim,American Constitution Center,https://www.americanconstitutioncenter.org/
WordPress,Nginx,PHP,Sucuri,,,Nginx,Hate Music & Neo-Nazi,nan,https://whiterabbitradio.net/
,Nginx,PHP,,,,Nginx,Anti-Muslim,Christian Action Network,https://christianaction.org/
WordPress,,PHP,Cloudflare,,,,White Nationalist,The Right Stuff,https://therightstuff.biz/
WordPress,Apache,PHP,,,,,White Nationalist,American Freedom Union,http://www.americanfreedomunion.com/
,LiteSpeed,,,,,,Hate Music & Neo-Nazi,New Order,https://www.theneworder.org/
,IIS,,Amazon Cloudfront,,Amazon Web Services,,Anti-Muslim,Radio Jihad/Global Patriot Radio,https://www.blogtalkradio.com/global-patriot-radio
,IIS,,,,,,Rad Catholics,OMNI Christian Book Club,http://www.omnicbc.com/
WordPress,Apache,PHP,,,,,Black Nationalist,Nation of Islam,http://mosque74.org/
WordPress,Nginx,PHP,Sucuri,,,Nginx,Anti-Muslim,Jihad Watch,https://www.jihadwatch.org/
WordPress,Nginx,PHP,Sucuri,,,Nginx,White Nationalist,White Rabbit Radio,https://whiterabbitradio.net/
Drupal,Apache,PHP,,,,,Rad Catholics,Christ or Chaos,http://christorchaos.com/
,Apache,,,,,,White Nationalist,Patriotic Flags,https://www.patriotic-flags.com/
,Apache,,,,,,Christian Identity,Christ Assembly,http://christsassembly.com/
,,,Cloudflare,,,,White Nationalist,Stormfront,https://www.stormfront.org/forum/
,Phusion Passenger,,Cloudflare,,,,Hate Music & Neo-Nazi,Behold Barbarity,http://beholdbarbarity.storenvy.com/
WordPress,,PHP,Cloudflare,,,,Anti-Muslim,Faith Freedom,http://www.faithfreedom.org/
Drupal,Apache,PHP,,,,,Christian Identity,Kinsman Redeemer Ministries,http://kinsmanredeemer.com/
,Apache,,,,,,Black Nationalist,Nation of Islam,http://muhammadstemple12.faithweb.com/
,,,,,,,Hate Music & Neo-Nazi,nan,http://bootsandbraces.ning.com
,,,,,,,Black Nationalist,Nation of Islam,http://www.noimosque32.com/
,OpenGSE,Java,,,,,Anti-Muslim,Foundation for Advancing Christian Truth,http://www.acts17.net/
,,,,,,,Rad Catholics,"Catholic Family News/Catholic Family Ministries, Inc.",http://www.cfnews.org/
,"Nginx, OpenResty","Lua, PHP",,,,Nginx,General Hate,Active Democracy,http://active-democracy.com/
WordPress,Nginx,,,,Automattic,Nginx,Neo-Confederate,Western Rifle Shooters,https://westernrifleshooters.wordpress.com/
Drupal,Nginx,PHP,,,,Nginx,Holocaust Denial,Institute for Historical Review,http://ihr.org/
,OpenGSE,Java,,,,,Rad Catholics,Robert Sungenis,https://www.robertsungenis.org/
WordPress,Nginx,PHP,Sucuri,,,Nginx,White Nationalist,Occidental Observer,https://www.theoccidentalobserver.net/
,,,,,,,Hate Music & Neo-Nazi,Parasitic Records,http://parasiticrecords.bigcartel.com/
WordPress,Nginx,PHP,,,SiteGround,Nginx,General Hate,Sharkhunters International,https://sharkhunters.com/
WordPress,,PHP,Cloudflare,,Flywheel,,General Hate,Sons of Liberty Media (formerly You Can Run But You Cannot Hide),https://sonsoflibertymedia.com/
Drupal,Apache,PHP,,,,,Anti-Muslim,ACT for America,https://www.actforamerica.org/
,Apache,,,,,,Christian Identity,National Prayer Network,https://truthtellers.org/
WordPress,Apache,PHP,Incapsula,,,,General Hate,Reformation-Bible Puritan-Baptist Church/Vatican Assassins,https://vaticanassassins.org/
,,,,,,,General Hate,Bill Keller Ministries,https://liveprayer.com/index.cfm
Wix,,,,,,,Black Nationalist,Black Riders Liberation Party,https://2servethapeople.wixsite.com/brlp
Wix,Nginx,,,,,Nginx,Hate Music & Neo-Nazi,Vinland Clothing,https://www.vinlandclothing.com/
,Apache,,,,,,Hate Music & Neo-Nazi,nan,https://whitenations.com/
Drupal,,PHP,Cloudflare,,,,Christian Identity,Non-Universal Teaching Ministries,https://emahiser.christogenea.org/
WordPress,Nginx,PHP,,,,Nginx,General Hate,European-American Evangelistic Crusades,https://www.eaec.org/
,,,"Fastly, Cloudflare",,GitHub Pages,,Anti-Muslim,David Horowitz Freedom Center,https://www.horowitzfreedomcenter.org/
,Apache,,,,,,Christian Identity,Mission to Israel ,https://www.missiontoisrael.org/
,OpenGSE,Java,,,,,Hate Music & Neo-Nazi,nan,http://whitereference.blogspot.hu/
WordPress,LiteSpeed,PHP,,,,,White Nationalist,Heritage and Destiny,http://www.efp.org.uk/
,Nginx,,,,,Nginx,Holocaust Denial,Campaign for Radical Truth in History,https://www.revisionisthistory.org/
,Nginx,,,,,Nginx,Hate Music & Neo-Nazi,National Socialist Movement,https://www.nsm88.org/
WordPress,Apache,PHP,,,,,Anti-LGBT,Word Congress of Families,http://profam.org/
,,,,,,,General Hate,Holy Nation of Odin,https://sonsofodin1519.org/
,Apache,,,,,,Holocaust Denial,Andrew Carrington Hitchcock,https://andrewcarringtonhitchcock.com/
WordPress,Nginx,PHP,,,,Nginx,Anti-LGBT,Illinois Family Institute,https://illinoisfamily.org/
WordPress,,PHP,Cloudflare,,,,Neo-Confederate,Florida League of the South,https://freeflorida.org/
,,PHP,Cloudflare,,,,Hate Music & Neo-Nazi,Tightrope Records,https://tightroperecords.com/catalog/
,Nginx,,,,,Nginx,Hate Music & Neo-Nazi,Never Surrender Records,https://neversurrenderrecords.com/
WordPress,Nginx,PHP,,,WP Engine,Nginx,Anti-LGBT,Center for Family and Human Rights (C-Fam),https://c-fam.org/
WordPress,Nginx,PHP,,,WP Engine,Nginx,Anti-LGBT,Family Watch International,https://familywatch.org/
WordPress,Apache,PHP,,,,,Neo-Confederate,Dixie Outfitters,http://dixieoutfitters.com/pages/blog/category/news/interesting-email/
WordPress,Apache,PHP,,,,,Black Nationalist,Nation of Islam,http://noidetroit.org/
,,,,,,,Hate Music & Neo-Nazi,Death Oracle Productions,https://deathoracle.bigcartel.com/
WordPress,Nginx,PHP,,,,Nginx,Anti-LGBT,ATLAH World Missionary Church,https://atlah.org/amn4/
,Apache,,,,,,Hate Music & Neo-Nazi,Micetrap Distribution,https://www.combat18.com/
,Apache,,,,,,Hate Music & Neo-Nazi,Micetrap Distribution,https://www.combat18.com/
Craft CMS,,,Cloudflare,,,,Anti-LGBT,Chalcedon Foundation,https://chalcedon.edu/
WordPress,Apache,PHP,,,,,Hate Music & Neo-Nazi,The Creativity Movement,https://creativitymovement.net/
,,,Cloudflare,,,,KKK,Ku Klos Knights of the Ku Klux Klan,https://kuklosknights.com/
,,,Cloudflare,,,,Anti-Muslim,Stop the Islamization of the World,http://www.siotw.org/
,"Nginx, OpenResty",Lua,,,,Nginx,Rad Catholics,Catholic Counterpoint,http://www.catholiccounterpoint.com/
,,,,,,,Anti-Muslim,Fortress of Faith,http://www.fortressoffaith.org/
WordPress,Apache,PHP,,,,,Black Nationalist,Nation of Islam,https://noirochester.org/
,Apache,,,,,,Rad Catholics,Slaves of the Immaculate Heart of Mary,https://catholicism.org/
,IIS,,,,,,Anti-LGBT,Traditional Values Coalition,http://www.traditionalvalues.org
,,,,,,,White Nationalist,Radix,http://www.radixjournal.com/
,OpenGSE,Java,,,,,White Nationalist,Alternative Right,http://alternative-right.blogspot.com/
,"Nginx, OpenResty",Lua,,,,Nginx,Anti-Muslim,Islamthreat.com,http://islamthreat.com/
WordPress,Nginx,PHP,Sucuri,,Liquid Web,Nginx,Anti-Muslim,American Freedom Defense Initiative,https://gellerreport.com/
WordPress,Nginx,PHP,Sucuri,,,Nginx,Anti-Muslim,Center for Security Policy,https://www.centerforsecuritypolicy.org/
WordPress,Nginx,PHP,,,,Nginx,Anti-LGBT,Pass the Salt Ministries,https://coachdavelive.com/
WordPress,Apache,PHP,,,,,Hate Music & Neo-Nazi,nan,https://reviewskart.co.uk/
,Nginx,,Sucuri,,,Nginx,Black Nationalist,Nation of Islam,https://noihouston.org/
WordPress,Apache,PHP,,,,,Christian Identity,David James Boston,https://davidjamesboston.com/
WordPress,"Nginx, OpenResty","PHP, Lua",,,,Nginx,Anti-Muslim,American Freedom Alliance ,https://americanfreedomalliance.org/
,,PHP,Cloudflare,,,,Hate Music & Neo-Nazi,Panzerfaust Records,https://tightroperecords.com/catalog/
,Nginx,,,,,Nginx,White Nationalist,VDARE,https://vdare.com/solicitations/never-kneel-to-propaganda-help-indpendent-media-survive
WordPress,"Nginx, OpenResty","PHP, Lua",,,,Nginx,Black Nationalist,"Israelite Church of God in Jesus Christ, The",http://www.thecomforter.info/main/
WordPress,,PHP,Cloudflare,,WP Engine,,Anti-Muslim,Clarion Project,https://clarionproject.org/
,"Nginx, OpenResty",Lua,,,,Nginx,Hate Music & Neo-Nazi,Stalhelm Records,http://stahlhelmrecords.tumblr.com/
,"Nginx, OpenResty",Lua,,,,Nginx,Hate Music & Neo-Nazi,Aryan Terror Brigade,http://aryanterrorbrigade.tumblr.com/
WordPress,Apache,PHP,,,,,Anti-LGBT,Verity Baptist Church,https://veritybaptist.com/
,OpenGSE,Java,,,,,Anti-Muslim,Bosch Fawstin,http://fawstin.blogspot.com/
WordPress,,PHP,Cloudflare,,,,White Nationalist,Counter-Currents,https://www.counter-currents.com/
WordPress,,PHP,Cloudflare,,,,Anti-Muslim,Religious Awareness Network,https://religiousfreedomcoalition.org/
,Apache,,,,,,Hate Music & Neo-Nazi,Micetrap Distribution,https://www.combat18.com/
,,,,,,,Hate Music & Neo-Nazi,Crew38 & Hammerskin Nation website,http://hammerskins.net/
,,,,,,,Anti-Immigrant,Borderkeepers of Alabama,http://www.borderkeepersofalabama.org
,,,,,,,KKK,Original Knight Riders Knights of the Ku Klux Klan,https://www.originalknightriders.net/
,,,,,,,KKK,Mississippi White Kngihts,http://mississippiwhiteknights.com/firstpage.htm
,,,,,,,Holocaust Denial,A light on Campus,http://www.alightoncampus.com
,,,,,,,Hate Music & Neo-Nazi,American Defense Records,http://www.bulldogaggression.com/
,,,,,,,Anti-LGBT,Abiding Truth Ministries,http://www.defendthefamily.com
,,,,,,,Black Nationalist,Nation of Islam,http://www.noidallas.org/
,,,,,,,Hate Music & Neo-Nazi,Micetrap Distribution,http://radiowhite.net/
,,,,,,,Black Nationalist,Nation of Islam,http://www.mosque34.org/
,,,,,,,Neo-Confederate,Florida Fire Eater,https://floridafireeater.com/
,,,,,,,Hate Music & Neo-Nazi,Keystone United/Keystone State Skinheads,http://myforum.kss2001.com/
,,,,,,,Christian Identity,Divine Truth Ministries,http://divine-truth.org/
,,,,,,,White Nationalist,Traditionalist Worker Party,http://www.tradworker.org/
,,,,,,,Anti-LGBT,"Faith Baptist Church, Greenville, GA",http://faithbaptistchurchprimrose.com
,,,,,,,KKK,Knights of the White Disciples,http://www.knightsofthewhitedisciples.com
,,,,,,,Hate Music & Neo-Nazi,nan,http://www.awsnetwork.org
,,,,,,,Black Nationalist,Nation of Islam,http://mm29.org/
,,,,,,,KKK,Nordic Order Knights,http://www.nok311.com/
,,,,,,,General Hate,As-Sabiqun,http://sabiqun.org/
,,,,,,,Anti-LGBT,MassResistance Missouri (chapter),http://www.massresistancemo.org
,,,,,,,Hate Music & Neo-Nazi,Resistance Records,http://www.resistance.com/site/
,,,Sucuri,,,,Black Nationalist,Israel United In Christ,http://israelunite.org/
,,,,,,,Anti-LGBT,Virginia MassResistance (chapter),http://www.virginiamassresistance.org
,,,,,,,Hate Music & Neo-Nazi,Golden State Skinheads/Solidarity,http://www.goldenstateskinheads.net/forum/
,,,,,,,Hate Music & Neo-Nazi,Hooligan Street Merch,http://www.hooliganstreetmerch.com/
,,,,,,,General Hate,Invictus Books,http://stores.invictusbooks.com/
,,,,,,,Black Nationalist,Nation of Islam,http://noibuffalo.org/
,,,,,,,Anti-LGBT,Americans for Truth about Homosexuality,http://www.americansfortruth.com
,,,,,,,KKK,United Dixie White Knights,https://sites.google.com/site/uniteddixiewhiteknights/home
,,,,,,,White Nationalist,Washington Summit Publishers,http://www.washsummit.com/
,,,,,,,General Hate,Rense Radio Network,http://www.renseradio.com/
,,,,,,,Anti-LGBT,Citizens for Community Values,http://www.ccv.org
,,,,,,,Hate Music & Neo-Nazi,Werewolf 88,https://sites.google.com/site/werwolfeightyeight
,,,,,,,Neo-Confederate,Dixie Republic,http://dixierepublic.com/
,,,,,,,Hate Music & Neo-Nazi,National Socialist Freedom Movement,https://nsfm.sharepoint.com/Pages/default.aspx
,,,,,,,Hate Music & Neo-Nazi,Antipathy Records,http://www.antipathyrecords.com/
,,,,,,,General Hate,Jewish Task Force,https://jtf.org/
,,,,,,,Black Nationalist,Nation of Islam,http://www.pghmosque22.org/
,,,,,,,White Nationalist,Occidental Quarterly,https://www.toqonline.com/
,,,,,,,Hate Music & Neo-Nazi,Keystone United/Keystone State Skinheads,https://keystone2001united.wordpress.com/
,,,,,,,KKK,Christian American White Knights,https://sites.google.com/site/americanchristianwhiteknights/
,Apache,,,,,,Anti-Immigrant,American Immigration Control Foundation,http://www.immigrationcontrol.com/
,,,,,,,Anti-LGBT,Windsor Hills Baptist Church (OK),http://www.windorhills.org
,,,,,,,Anti-Muslim,Silver Bullet Gun Oil,http://www.silverbulletgunoil.net/
,,,,,,,KKK,Church of the National Knights of the Ku Klux Klan,http://www.cnkkkk.net/
,,,,,,,KKK,White Knights of the Ku Klux Klan of America,https://www.whiteknightsofthekukluxklanofamerica.com/
,,,,,,,White Nationalist,American Eagle Party,http://americaneagleparty.com/
,,,,,,,Hate Music & Neo-Nazi,Battalion 14,http://www.b14usa.org/
,,,,,,,KKK,Patriotic Brigade Knights of the Ku Klux Klan,http://www.knightskkk.net/
,Apache,,,,,,White Nationalist,Scott-Townsend Publishers,http://www.scott-townsend.com/
,Apache,,,,,,Anti-Immigrant,American Border Patrol,http://www.americanborderpatrol.com/
,Apache,,,,,,Rad Catholics,IHS Press,http://www.ihspress.com/index1.htm
,Apache,,,,,,Christian Identity,Church of Israel,http://www.churchofisrael.org/
,Nginx,,,,,Nginx,Hate Music & Neo-Nazi,Aryan Terror Brigade,http://www.atb318.com/
,Apache,,,,,,General Hate,Aggressive Christianity,http://www.aggressivechristianity.net/
,,,,,,,Black Nationalist,Nation of Islam,https://muhammadmosque7c.org/
,,,,,,,Black Nationalist,Nation of Islam,http://shondelenterprise.wix.com/mosque-97#!contact
,,,,,,,Anti-LGBT,American Family Association,https://www.afa.net/
Drupal,Nginx,PHP,,,Pantheon,Nginx,Anti-Immigrant,Federation for American Immigration Reform,https://www.fairus.org/
,,,,,,,Hate Music & Neo-Nazi,Label 56,https://www.facebook.com/Label-56-LLC-577266465630487/
,IIS,,,,,,Anti-Muslim,Altra Firearms,http://www.altrafirearms.com/
,,,,,,,Hate Music & Neo-Nazi,Gallows Tree Wotanvolk Alliance,https://www.facebook.com/gallowstreewotansvolk/
WordPress,Nginx,PHP,"jsDelivr, Cloudflare",,Pantheon,Nginx,Anti-Muslim,Political Islam,https://www.politicalislam.com/
,,,,,,,Hate Music & Neo-Nazi,Aryan Nation-Sadistic Souls MC/Black & Silver Solution,https://www.facebook.com/Sadistic-Souls-MC-792247310797582/
,,,,,,,Hate Music & Neo-Nazi,Micetrap Distribution,https://www.facebook.com/micetrap
,Nginx,,,,,Nginx,Hate Music & Neo-Nazi,Resistance Records,http://www.resistancerecords.com/
,Nginx,,,,,Nginx,Hate Music & Neo-Nazi,Iron Clad Records,http://www.ironcladrecords.com/
,,,,,,,Hate Music & Neo-Nazi,Behold Barbarity,https://www.facebook.com/Behold-Barbarity-records-and-distro-297670707109170/
,,,,,,,Black Nationalist,Nation Of Islam,http://stocktonnoi.wix.com/info#!__stockton---nation-of-islam/contact
,,,,,,,Hate Music & Neo-Nazi,Parasitic Records,https://www.facebook.com/Parasitic666Records/
,,,,,,,Hate Music & Neo-Nazi,MSR Productions,https://www.facebook.com/msr19882/
WordPress,Nginx,PHP,,,,Nginx,Christian Identity,Euro Folk Radio,http://eurofolkradio.com/
,Apache,,,,,,Christian Identity,Covenant People's Ministry,http://www.covenantpeoplesministry.org/
,Apache,,,,,,General Hate,Ozark Craft LC,http://puttroopsontheborder.com/ozarkcraft.html
WordPress,,PHP,Cloudflare,,WP Engine,,Anti-Immigrant,Californians for Population Stabilization,https://capsweb.org/
,,,,,,,Hate Music & Neo-Nazi,Nuclear War Now Productions,https://www.facebook.com/Nuclear-War-Now-Productions-114864651994141/
,,,Cloudflare,,,,Holocaust Denial,Deir Yassin Remembered,https://www.deiryassin.org/
,"Phusion Passenger, Apache",,,,,,Hate Music & Neo-Nazi,Stomp Out Child Abuse Compilation,http://punishmentblockrecords.limitedrun.com/
,Nginx,,,,,Nginx,Anti-LGBT,Heterosexuals Organized for a Moral Environment (H.O.M.E.),http://www.home60515.com/
,Apache,,,,,,Holocaust Denial,Reporter's notebook,http://www.reportersnotebook.com/
,OpenGSE,"Python, Java",,,,,Hate Music & Neo-Nazi,Maryland National Socialist Party,http://mdnaziparty.blogspot.com/
WordPress,Apache,PHP,,,,,White Nationalist,Northwest Front,http://northwestfront.org/
Drupal,Apache,PHP,,,,,Anti-Immigrant,Colorado Alliance for Immigration Reform,http://www.cairco.org/
,Apache,,,,,,Anti-LGBT,Family Research Council,https://www.frc.org/
,,,,,,,Hate Music & Neo-Nazi,Hostile Class Productions,https://www.facebook.com/hostile.class
GoDaddy Website Builder,,,,,,,Anti-Immigrant,National Coalition for Immigration Reform,http://www.nciraction.org/
,,,,,,,Hate Music & Neo-Nazi,American Defense Records,https://www.facebook.com/disarmnever/
GoDaddy Website Builder,,,,,,,Black Nationalist,New Black Panther Party,https://nbpp.org/
,IIS,CFML,Cloudflare,,,,Hate Music & Neo-Nazi,Stalhelm Records,https://www.hugedomains.com/domain_profile.cfm?d=stahlhelmrecords&e=com
,,,,,,,Hate Music & Neo-Nazi,Stalhelm Records,https://www.facebook.com/northerndestroyer
Weebly,Apache,PHP,,,,,Hate Music & Neo-Nazi,Florida United ,http://floridaunited.weebly.com/
WordPress,Apache,PHP,,,,,Anti-LGBT,Stedfast Baptist Church (TX),https://stedfastbaptistkjv.org/
,OpenGSE,"Python, Java",,,,,Hate Music & Neo-Nazi,Werewolf 88,http://werwolf88radio.blogspot.com/
GoDaddy Website Builder,Apache,,,,,,General Hate,Concerned Citizens and Friends of Illegal Immigration Law Enforcement,http://www.ccfiile.com/
,Apache,,,,,,White Nationalist,Social Contract Press,http://www.thesocialcontract.com/
,OpenGSE,"Python, Java",,,,,Anti-Muslim,Sultan Knish a blog by Daniel Greenfield,http://www.danielgreenfield.org/
,Nginx,,,,,Nginx,Anti-Muslim,Treasure Valley Refugee Watch,http://www.treasurevalleyrefugeefacts.org/
WordPress,Nginx,PHP,,,Automattic,Nginx,Neo-Confederate,Shotgun Barrel Straight ,https://shotgunwildatheart.wordpress.com/
,Apache,PHP,,,,,Hate Music & Neo-Nazi,Hate Crime Streetwear/Records,http://www.hcstreetwear.net/shop/
,IIS,,,,,,Hate Music & Neo-Nazi,Aryan Strikeforce,http://www.aryanstrikeforce318.org/
WordPress,Nginx,PHP,,,Automattic,Nginx,Neo-Confederate,Association for Appalachia,https://appalachianrepublic.wordpress.com/
,Apache,,,,,,General Hate,Power of Prophecy,https://www.texemarrs.com/
,Nginx,,,,,Nginx,Hate Music & Neo-Nazi,Aryan Nations - Louisiana ,http://www.aryan-nations.org/
,Apache,,,,,,Hate Music & Neo-Nazi,White Aryan Resistance,http://www.resist.com/
WordPress,Apache,PHP,,,,,Holocaust Denial,The Realist Report,http://therealistreport.com/
MyWebsite,Apache,,,,,,Black Nationalist,Nation of Islam,http://www.noicharlestonsc.org/
,Apache,,,,,,General Hate,Official Street Preachers,https://www.officialstreetpreachers.com/
,,,,,,,Hate Music & Neo-Nazi,United Riot Records,http://www.angelfire.com/indie/unitedriotrecords/frameset.html
,Apache,,,,,,Anti-LGBT,Save California,http://www.savecalifornia.com/
,Apache,,,,,,Rad Catholics,"Fatima Crusader, The/International Fatima Rosary Crusade",http://www.fatimacrusader.com/
,,,,,,,Hate Music & Neo-Nazi,Darkness Attacks Records,https://officialblackwitchery.bigcartel.com/
,OpenGSE,"Python, Java",,,,,Anti-Muslim,Citizen Warrior,http://www.citizenwarrior.com/
Drupal,Nginx,PHP,jsDelivr,,Pantheon,Nginx,Anti-LGBT,Alliance Defending Freedom,https://www.adflegal.org/
,Nginx,PHP,,,,Nginx,Anti-Immigrant,Americans for Legal Immigration (ALIPAC),https://www.alipac.us/
,OpenGSE,"Python, Java",,,,,Black Nationalist,Nation of Islam,http://muhammadmosque69.blogspot.com/
,,,,,,,Hate Music & Neo-Nazi,National Alliance Reform and Restoration Group,https://www.facebook.com/natallreform/
GoDaddy Website Builder,,,,,,,Hate Music & Neo-Nazi,Aryan Nation-Sadistic Souls Skinheads/Black & Silver Solution,https://www.sadisticsoulsmc.org/
,,,,,,,Hate Music & Neo-Nazi,Vanguard Productions,https://www.facebook.com/VanguardProdVinland/
,,,Cloudflare,,,,Neo-Confederate,Kentucky League of the South,https://kentuckyleagueofthesouth.webs.com/
WordPress,,PHP,Cloudflare,,,,KKK,Traditionalist American Knights of the Ku Klux Klan,http://traditionalistamericanknights.com/
,,PHP,Cloudflare,,,,Holocaust Denial,Inconvenient Truth,http://www.inconvenienthistory.com/
,Nginx,,,,,Nginx,Christian Identity,Scriptures for America Worldwide Ministries - international outreach ministry of the LaPorte Church of Christ,http://www.scripturesforamerica.org/
,IIS,,,,,,General Hate,Chick Publications,https://www.chick.com/
,Apache Traffic Server,,,,,,Hate Music & Neo-Nazi,Hells Headbangers,http://www.hellsheadbangers.com/
,IIS,CFML,Cloudflare,,,,Anti-Muslim,Pig Blood Bullets,https://www.hugedomains.com/domain_profile.cfm?d=pigbloodbullets&e=com
,OpenGSE,"Python, Java",,,,,Neo-Confederate,Free North Carolina,https://freenorthcarolina.blogspot.com/
,Apache Traffic Server,,,,,,General Hate,Cultural Studies Press,http://www.culturalstudiespress.com/
WordPress,"Nginx, OpenResty","PHP, Lua",,,,Nginx,Hate Music & Neo-Nazi,National Alliance,https://natall.com/
,Apache,,,,,,Anti-LGBT,True Light Pentecost Church (SC),http://www.truelightpentecost.org/
,OpenGSE,"Python, Java",,,,,Hate Music & Neo-Nazi,Parasitic Records,http://midnightbloodentertainment.blogspot.com/
WordPress,,PHP,Cloudflare,,,,White Nationalist,Occidental Dissent,http://www.occidentaldissent.com/
,Apache,,,,,,White Nationalist,Center for Perpetual Diversity,http://www.perpetualdiversity.com/
,Apache,PHP,,,,,Hate Music & Neo-Nazi,Nuclear War Now Productions,http://www.nwnprod.com/forum/viewforum.php?f=2
WordPress,Nginx,PHP,,,Automattic,Nginx,Hate Music & Neo-Nazi,"Golden Dawn - Astoria, NY",https://xaameriki.wordpress.com/
,Apache,PHP,,,,,Hate Music & Neo-Nazi,NS88 Video Division,http://www.ns88.com/
WordPress,,PHP,Cloudflare,,,,Neo-Confederate,League of the South,https://leagueofthesouth.com/
,Apache,,,,,,General Hate,a2z Publications,http://www.a2zpublications.com/
WordPress,,PHP,Cloudflare,,SiteGround,,White Nationalist,Identity Evropa,https://www.identityevropa.com/
,Apache,,,,,,Anti-LGBT,Faithful Word Baptist Church (AZ),http://www.faithfulwordbaptist.org/
Business Catalyst,"Nginx, OpenResty",Lua,,,,Nginx,Anti-LGBT,Ruth Institute,http://www.ruthinstitute.org/
,IIS,,,,,,KKK,International Keystone Knights of the Ku Klux Klan,http://www.ikkkkk.org/
,Apache,,,,,,Anti-Immigrant,New Yorkers for Immigration Control and Enforcement,http://www.nyice.us/
,Apache,,,,,,Christian Identity,Kingdom Identity Ministries,http://www.kingidentity.com/
,IIS,,,,,,General Hate,Tony Alamo Christian Ministries,http://www.alamoministries.com/content/english/
,,,,,,,KKK,Georgia Knight Riders,https://www.georgiaknightriderskkk.com/
,Nginx,,,,,Nginx,Hate Music & Neo-Nazi,Nuclear War Now Productions,https://nuclearwarnowproductions.bandcamp.com/
WordPress,Apache,PHP,,,,,Anti-Muslim,Lincoln County Citizen Action Network,http://lincolncountycan.com/
,OpenGSE,"Python, Java",,,,,Hate Music & Neo-Nazi,Desastrious Records,http://desastrious.blogspot.com/
,,,,,,,Hate Music & Neo-Nazi,Death Oracle Productions,https://www.facebook.com/Death-Oracle-Productions-759295887436602/
WordPress,,PHP,Cloudflare,,,,Black Nationalist,Nation of Islam,https://www.noi.org/
WordPress,Apache,PHP,,,,,White Nationalist,Forza Nuova,http://www.usa.forzanuova.info/
GoDaddy Website Builder,,,,,,,KKK,United Klans of America,http://www.theuka.us/
,"Nginx, Microsoft HTTPAPI",,,,,Nginx,KKK,United White Knights of the Ku Kiux Klan,http://www.texaskkk.com/
WordPress,Apache,PHP,,,,,Hate Music & Neo-Nazi,Nuclear War Now Productions,http://www.nwnprod.com/
,Apache,PHP,,,,,Hate Music & Neo-Nazi,The Creativity Movement,http://creativitymovement.net/forum/
,Apache,,,,,,Christian Identity,Yahushua DSCI Ministry,http://www.yahushuadsciministry.us/
,,,,,,,Neo-Confederate,Southern Future,https://southernfuture.com/
,,,,,,,White Nationalist,American Vanguard,https://american-vanguard.org/
,Apache,,,,,,Holocaust Denial,Focal Point Publications,http://www.fpp.co.uk/
,Nginx,,,,,Nginx,Holocaust Denial,The End of Zion ,https://theendofzion.com/
,Apache,,,,,,Black Nationalist,All Eyes On Egypt Bookstore,http://www.aeoebookstore.com/
WordPress,Apache,PHP,,,,,KKK,Soldiers Of the Cross Training Institute,http://sotctraininginstitute.com/
,Apache,,,,,,Anti-LGBT,"Providence Road Baptist Church, NC",http://www.prbcnc.com/
,,,,,,,Hate Music & Neo-Nazi,Hells Headbangers,https://www.facebook.com/hellsheadbangers
,,,,,,,Hate Music & Neo-Nazi,NSM88 Records,http://nsm88records.com/theshop/
,Apache,,,,,,Black Nationalist,All Eyes On Egipt Bookstore Brooklyn NY,http://www.aeoebookstore.com/
,,,,,,,Christian Identity,The Christian Identity Forum,http://www.thechristianidentityforum.net/
,Apache,,,,,,Black Nationalist,Nation of Islam,http://muhammadmosque8.com/
,OpenGSE,"Python, Java",,,,,Black Nationalist,Nation of Islam,http://www.noirockford.com/
,,,,,,,Anti-Muslim,Family Security Matters,http://www.familysecuritymatters.org/
WordPress,,PHP,Cloudflare,,,,Neo-Confederate,Occidental Dissent,http://www.occidentaldissent.com/
,,,,,,,Neo-Confederate,The Right Voice,http://www.therightvoice.net/
,OpenGSE,"Python, Java",,,,,Hate Music & Neo-Nazi,OSI Temple,http://osi-temple.blogspot.com/
,"Phusion Passenger, Apache",,,,,,Hate Music & Neo-Nazi,Punishment Block Records,http://punishmentblockrecords.limitedrun.com/
Wix,,,,,,,Black Nationalist,Nation of Islam,http://www.mosque36.com/
WordPress,Nginx,PHP,,,Automattic,Nginx,KKK,White Knights of Justice,https://whiteknightsofjustice.wordpress.com/
,Apache,,,,,,Hate Music & Neo-Nazi,NS Publications,http://nspublications.com/
,,,Cloudflare,,,,KKK,East Coast Knights,https://www.eastcoastknightsofthetrueinvisibleempire.com/
,,,,,,,Hate Music & Neo-Nazi,White Aryan Resistance,http://www.resistance88.com/index1.htm#.Vv1YzJwrLIU
,Apache,PHP,,,,,Anti-LGBT,Faith2Action,http://www.f2a.org/
Joomla,Apache,PHP,,,,,General Hate,"Brother Nathanael Foundation, The",http://brothernathanaelfoundation.org/
,,,,,,,Hate Music & Neo-Nazi,United Riot Records,https://unitedriotrecords.bigcartel.com/
,OpenGSE,"Python, Java",,,,,Black Nationalist,Nation of Islam,http://asgsouthwest.blogspot.com/2010/05/nation-of-islam-meeting-times.html
WordPress,Nginx,PHP,,,,Nginx,Holocaust Denial,Germar Rudolf,http://germarrudolf.com/
,,,,,,,Hate Music & Neo-Nazi,United Riot Records,https://www.facebook.com/unitedriotrecords/
,IIS,,,,,,General Hate,Jewish Defense League,http://www.jdl.org/
WordPress,Apache,PHP,,,,,Anti-LGBT,Family Research Institute,http://www.familyresearchinst.org/
,IIS,,,,,,Christian Identity,Divine International Church of the Web,https://www.revandrewangel.com/site/index.html
Wix,Nginx,,,,,Nginx,Anti-Immigrant,Immigration Reform Law Institute,https://www.irli.org/
WordPress,,PHP,Cloudflare,,,,White Nationalist,CCC,http://conservative-headlines.com/
,Nginx,,,,,Nginx,Hate Music & Neo-Nazi,nan,http://www.aryanblood.net/
,OpenGSE,"Python, Java",,,,,Hate Music & Neo-Nazi,Parasitic Records,http://parasiticrecords.blogspot.com/
,,,,,,,White Nationalist,Foundation for the Marketplace of Ideas,http://www.freedomfront.org/
,Apache,PHP,,,,,Hate Music & Neo-Nazi,ISD Records,http://www.isdrecords.com/
,Apache,,,,,,Christian Identity,Our Place Fellowship,http://www.sonplace.com/Our_Place/
WordPress,Apache,PHP,,,,,Hate Music & Neo-Nazi,nan,http://whitenationalists.com/
WordPress,Apache,PHP,,,,,KKK,Knights of the KKK,http://kkk.bz/
,Apache,,,,,,Christian Identity,Virginia Publishing Company,http://www.richardhoskins.com/
WordPress,LiteSpeed,PHP,,,,,White Nationalist,BUGS,http://www.whitakeronline.org/blog/
,OpenGSE,"Python, Java",,,,,Black Nationalist,Nation of Islam,http://www.noigrandrapids.com/
Wix,,,,,,,Black Nationalist,Nation of Islam,https://noiwinstonsalem.wixsite.com/wsstudygroup/services
,,,Cloudflare,,,,Black Nationalist,Uncle Sams Misguided Children,https://unclesamsmisguidedchildren.com/
,OpenGSE,"Python, Java",,,,,Hate Music & Neo-Nazi,United Riot Records,http://unitedriotrecords.blogspot.com/
,Apache,,,,,,Hate Music & Neo-Nazi,Vanguard Productions,http://vanguard-productions.com/home/
WordPress,Apache,PHP,,,,,Hate Music & Neo-Nazi,Soleil Moon Records,https://www.soleilmoon.com/
,,PHP,Cloudflare,,,,Hate Music & Neo-Nazi,nan,http://www.thephora.net/forum/
WordPress,Apache,PHP,,,,,Christian Identity,The Watchman files,http://thewatermanfiles.com/
,,,,,,,Black Nationalist,Sicarii 1715,http://www.exodus1715.info/
,Nginx,,,,,Nginx,White Nationalist,Radix,https://radixjournal.com/
WordPress,Apache,PHP,,,,,Rad Catholics,In the Spirit of Chartres Committee,https://isoc.ws/
,Nginx,,Sucuri,,,Nginx,Black Nationalist,Nation of Islam,https://noihouston.org/
,Apache,,,,,,Hate Music & Neo-Nazi,Micetrap Distribution,https://www.combat18.com/
WordPress,Apache,PHP,,,,,Black Nationalist,Nation of Islam,http://noidetroit.org/
,OpenGSE,Java,,,,,KKK,United Dixie White Knights,https://accounts.google.com/ServiceLogin?service=jotspot&passive=1209600&continue=https://sites.google.com/site/sites/system/errors/SiteDisabled?disabledSite%3Ddefaultdomain/uniteddixiewhiteknights&followup=https://sites.google.com/site/sites/system/errors/SiteDisabled?disabledSite%3Ddefaultdomain/uniteddixiewhiteknights
WordPress,Apache,PHP,,,,,Black Nationalist,Nation of Islam,https://noirochester.org/
WordPress,Apache,PHP,,,,,Christian Identity,Anglo-Saxon Israel,https://anglo-saxonisrael.com/
WordPress,Apache,PHP,,,,,White Nationalist,American Freedom Union,http://www.americanfreedomunion.com/
WordPress,Apache,PHP,,,,,Hate Music & Neo-Nazi,nan,https://reviewskart.co.uk/
Drupal,,PHP,Cloudflare,,,,Christian Identity,Christogenea,https://christogenea.org/
,Apache,PHP,,,,,General Hate,Rense Radio Network,https://www.renseradio.com/
,Nginx,,,,,Nginx,Hate Music & Neo-Nazi,American Front,http://ww38.americanfront.org/
,IIS,,,,,,Hate Music & Neo-Nazi,Aryan Strikeforce,http://www.aryanstrikeforce318.org/
,Apache,,,,,,Hate Music & Neo-Nazi,nan,https://whitenations.com/
,Apache,,,,,,Christian Identity,National Prayer Network,https://truthtellers.org/
,IIS,,,,,,Hate Music & Neo-Nazi,National Alliance Reform and Restoration Group,http://www.narrg.com/
,Apache,,,,,,Rad Catholics,Slaves of the Immaculate Heart of Mary,https://catholicism.org/
,,PHP,Cloudflare,,,,Hate Music & Neo-Nazi,Tightrope Records,https://tightroperecords.com/catalog/
WordPress,Apache,PHP,,,,,Christian Identity,David James Boston,https://davidjamesboston.com/
,,,,,,,Holocaust Denial,Gilad Atzmon,https://gilad.online/
,Apache,,,,,,Holocaust Denial,Andrew Carrington Hitchcock,https://andrewcarringtonhitchcock.com/
WordPress,,PHP,Cloudflare,,,,White Nationalist,The Political Cesspool,https://www.thepoliticalcesspool.org/
WordPress,Apache,PHP,,,,,Hate Music & Neo-Nazi,nan,https://reviewskart.co.uk/
WordPress,Apache,PHP,,,,,Neo-Confederate,Dixie Outfitters,http://dixieoutfitters.com/pages/blog/category/news/interesting-email/
WordPress,,PHP,Cloudflare,,,,Neo-Confederate,League of the South,https://leagueofthesouth.com/
,OpenGSE,Java,,,,,Hate Music & Neo-Nazi,Werewolf 88,https://accounts.google.com/ServiceLogin?service=jotspot&passive=1209600&continue=https://sites.google.com/site/sites/system/errors/SiteDisabled?disabledSite%3Ddefaultdomain/werwolfeightyeight&followup=https://sites.google.com/site/sites/system/errors/SiteDisabled?disabledSite%3Ddefaultdomain/werwolfeightyeight
WordPress,,PHP,Cloudflare,,,,White Nationalist,Counter-Currents,https://www.counter-currents.com/
,Apache,,,,,,Hate Music & Neo-Nazi,Micetrap Distribution,https://www.combat18.com/
WordPress,Apache,PHP,,,,,KKK,Loyal White Knights of the Ku Klux Klan,https://lwkkkk.com/wp/
,OpenGSE,Java,,,,,White Nationalist,Alternative Right,http://alternative-right.blogspot.com/
,"Nginx, OpenResty",Lua,,,,Nginx,Hate Music & Neo-Nazi,Aryan Terror Brigade,http://aryanterrorbrigade.tumblr.com/
,"Nginx, OpenResty",Lua,,,,Nginx,Hate Music & Neo-Nazi,Stalhelm Records,http://stahlhelmrecords.tumblr.com/
,Apache,,,,,,Hate Music & Neo-Nazi,Micetrap Distribution,https://www.combat18.com/
,,,,,,,Hate Music & Neo-Nazi,Antipathy Records,http://www.antipathyrecords.com/
,,,,,,,Hate Music & Neo-Nazi,Hooligan Street Merch,http://www.hooliganstreetmerch.com/
,,,,,,,KKK,White Knights of the Ku Klux Klan of America,https://www.whiteknightsofthekukluxklanofamerica.com/
,,,,,,,Hate Music & Neo-Nazi,nan,http://www.awsnetwork.org
,,,,,,,Black Nationalist,Nation of Islam,http://www.noimosque32.com/
,,,,,,,KKK,Original Knight Riders Knights of the Ku Klux Klan,https://www.originalknightriders.net/
,,,,,,,Black Nationalist,Nation of Islam,http://mm29.org/
,,,,,,,KKK,Patriotic Brigade Knights of the Ku Klux Klan,http://www.knightskkk.net/
,,,,,,,Hate Music & Neo-Nazi,Keystone United/Keystone State Skinheads,http://myforum.kss2001.com/
,,,,,,,White Nationalist,Traditionalist Worker Party,http://www.tradworker.org/
,,,,,,,Holocaust Denial,A light on Campus,http://www.alightoncampus.com
,,,,,,,White Nationalist,American Eagle Party,http://americaneagleparty.com/
,,,,,,,Black Nationalist,Nation of Islam,http://www.mosque34.org/
,,,,,,,Black Nationalist,Nation of Islam,https://muhammadmosque7c.org/
,,,,,,,KKK,International Keystone Knights of the Ku Klux Klan,http://www.ikkkkk.org/
,,,,,,,Hate Music & Neo-Nazi,Stomp Out Child Abuse Compilation,http://www.chesterstomp.com/store.html
,,,,,,,Black Nationalist,Nation of Islam,http://noibuffalo.org/
,,,,,,,Christian Identity,Divine Truth Ministries,http://divine-truth.org/
,,,,,,,General Hate,Jewish Defense League,http://www.jdl.org/
,,,,,,,Hate Music & Neo-Nazi,Crew38 & Hammerskin Nation website,http://hammerskins.net/
,,,,,,,KKK,Knights of the White Disciples,http://www.knightsofthewhitedisciples.com
,Nginx,,,,,Nginx,Hate Music & Neo-Nazi,Resistance Records,http://www.resistancerecords.com/
,Nginx,,,,,Nginx,Hate Music & Neo-Nazi,Aryan Terror Brigade,http://www.atb318.com/
,,,,,,,Black Nationalist,Nation of Islam,http://www.pghmosque22.org/
,,,,,,,General Hate,Invictus Books,http://stores.invictusbooks.com/
,,,,,,,Black Nationalist,Nation of Islam,http://www.noidallas.org/
,,,,,,,General Hate,As-Sabiqun,http://sabiqun.org/
,,,,,,,General Hate,Christian Anti-Defamation Commission,http://www.defendchristians.org/
,,,,,,,KKK,Church of the National Knights of the Ku Klux Klan,http://www.cnkkkk.net/
,,,,,,,Hate Music & Neo-Nazi,Golden State Skinheads/Solidarity,http://www.goldenstateskinheads.net/forum/
,,,,,,,Hate Music & Neo-Nazi,Golden State Skinheads/Solidarity,http://www.goldenstateskinheads.net/
,,,,,,,Hate Music & Neo-Nazi,American Viking Clothing,http://americanvikings.us
,"Nginx, OpenResty",Lua,,,,Nginx,Rad Catholics,Catholic Counterpoint,http://www.catholiccounterpoint.com/
,Apache Traffic Server,,,,,,Hate Music & Neo-Nazi,Hells Headbangers,http://www.hellsheadbangers.com/
,Nginx,,,,,Nginx,Hate Music & Neo-Nazi,Never Surrender Records,https://neversurrenderrecords.com/
,,,,,,,Neo-Confederate,Florida Fire Eater,https://floridafireeater.com/
,,,,,,,Hate Music & Neo-Nazi,American Defense Records,http://www.bulldogaggression.com/
,,,,,,,Hate Music & Neo-Nazi,Micetrap Distribution,http://radiowhite.net/
,,,,,,,KKK,Nordic Order Knights,http://www.nok311.com/
,,,,,,,Hate Music & Neo-Nazi,National Socialist Freedom Movement,https://nsfm.sharepoint.com/Pages/default.aspx
,,,,,,,KKK,Mississippi White Kngihts,http://mississippiwhiteknights.com/firstpage.htm
,,,,,,,Hate Music & Neo-Nazi,Battalion 14,http://www.b14usa.org/
,,,,,,,Rad Catholics,"Catholic Family News/Catholic Family Ministries, Inc.",http://www.cfnews.org/
,Apache,,,,,,Christian Identity,Yahweh's Truth,http://www.jameswickstrom.com/cgi-sys/suspendedpage.cgi
,,,,,,,Hate Music & Neo-Nazi,White Aryan Resistance,http://www.resistance88.com/index1.htm#.Vv1YzJwrLIU
,OpenGSE,"Python, Java",,,,,Hate Music & Neo-Nazi,Parasitic Records,http://midnightbloodentertainment.blogspot.com/
,Phusion Passenger,,Cloudflare,,,,Hate Music & Neo-Nazi,Behold Barbarity,http://beholdbarbarity.storenvy.com/
,,,,,,,Hate Music & Neo-Nazi,Resistance Records,http://www.resistance.com/site/
,,,,,,,Black Nationalist,War On The Horizon,http://waronthehorizon.com/
,,,,,,,Hate Music & Neo-Nazi,Aryan Nation-Sadistic Souls MC/Black & Silver Solution,https://www.facebook.com/Sadistic-Souls-MC-792247310797582/
,,,,,,,Hate Music & Neo-Nazi,Parasitic Records,https://www.facebook.com/Parasitic666Records/
,Nginx,,,,,Nginx,Black Nationalist,All Eyes on Egipt Bookstore,http://www.thenationspeaks.org/
,Apache,,,,,,Rad Catholics,IHS Press,http://www.ihspress.com/index1.htm
,Nginx,,,,,Nginx,Hate Music & Neo-Nazi,Iron Clad Records,http://www.ironcladrecords.com/
,IIS,,,,,,Rad Catholics,OMNI Christian Book Club,http://www.omnicbc.com/
,Apache,,,,,,Hate Music & Neo-Nazi,American Viking Clothing,https://www.americanvikings.com/
,Apache,,,,,,Rad Catholics,"Fatima Crusader, The/International Fatima Rosary Crusade",http://www.fatimacrusader.com/
,Apache,,,,,,Black Nationalist,Nation of Islam,http://muhammadstemple12.faithweb.com/
,Nginx,,,,,Nginx,Holocaust Denial,Campaign for Radical Truth in History,https://www.revisionisthistory.org/
,Apache,,,,,,Christian Identity,Our Place Fellowship,http://www.sonplace.com/Our_Place/
,Apache,,,,,,White Nationalist,Scott-Townsend Publishers,http://www.scott-townsend.com/
,Apache,,,,,,Hate Music & Neo-Nazi,Get Some 88,http://www.getsome88.com/
WordPress,Apache,PHP,,,,,White Nationalist,Forza Nuova,http://www.usa.forzanuova.info/
WordPress,Apache,PHP,,,,,Hate Music & Neo-Nazi,Label 56,http://www.label56.com/
,Apache,,,,,,Black Nationalist,Nation of Islam,http://muhammadmosque8.com/
,Apache,,,,,,Christian Identity,Church of Israel,http://www.churchofisrael.org/
,Apache,,,,,,Hate Music & Neo-Nazi,NS Publications,http://nspublications.com/
,,,,,,,Black Nationalist,Nation of Islam,http://shondelenterprise.wix.com/mosque-97#!contact
,Apache,,,,,,White Nationalist,Center for Perpetual Diversity,http://www.perpetualdiversity.com/
,,,,,,,Hate Music & Neo-Nazi,Parasitic Records,http://parasiticrecords.bigcartel.com/
,Apache,,,,,,Christian Identity,Covenant People's Ministry,http://www.covenantpeoplesministry.org/
,Apache,,,,,,General Hate,Aggressive Christianity,http://www.aggressivechristianity.net/
,OpenGSE,"Python, Java",,,,,Black Nationalist,Nation of Islam,http://www.noirockford.com/
,IIS,,,,,,General Hate,Tony Alamo Christian Ministries,http://www.alamoministries.com/content/english/
Wix,,,,,,,Black Nationalist,Nation of Islam,https://noiwinstonsalem.wixsite.com/wsstudygroup/services
,"Nginx, OpenResty",Lua,,,,Nginx,KKK,United Northern and Southern Knights of the Ku Klux Klan,http://ww7.unskkkk.com/
,Apache,,,,,,Holocaust Denial,Irving Books,https://irvingbooks.com/xcart/home.php
Joomla,,PHP,"jsDelivr, Cloudflare",,,,Rad Catholics,"Remnant, The/The Remnant Press",https://remnantnewspaper.com/web/index.php
,Apache,PHP,,,,,Hate Music & Neo-Nazi,Nuclear War Now Productions,http://www.nwnprod.com/forum/viewforum.php?f=2
,Apache,,,,,,Christian Identity,Virginia Publishing Company,http://www.richardhoskins.com/
,Apache,,,,,,Holocaust Denial,Reporter's notebook,http://www.reportersnotebook.com/
,,,,,,,Hate Music & Neo-Nazi,Label 56,https://www.facebook.com/Label-56-LLC-577266465630487/
WordPress,Nginx,PHP,,,SiteGround,Nginx,General Hate,Sharkhunters International,https://sharkhunters.com/
,,,,,,,Hate Music & Neo-Nazi,Micetrap Distribution,https://www.facebook.com/micetrap
,,,,,,,Black Nationalist,Nation Of Islam,http://stocktonnoi.wix.com/info#!__stockton---nation-of-islam/contact
,,,,,,,Hate Music & Neo-Nazi,Death Oracle Productions,https://www.facebook.com/Death-Oracle-Productions-759295887436602/
,,,,,,,Hate Music & Neo-Nazi,Gallows Tree Wotanvolk Alliance,https://www.facebook.com/gallowstreewotansvolk/
Drupal,Apache,PHP,,,,,Christian Identity,Fellowship of God's Covenant People,http://fgcp.org/
,IIS,CFML,Cloudflare,,,,Hate Music & Neo-Nazi,Stalhelm Records,https://www.hugedomains.com/domain_profile.cfm?d=stahlhelmrecords&e=com
,Apache,,,,,,General Hate,National Prayer Network,https://truthtellers.org/index.html
,,PHP,Cloudflare,,,,KKK,Rebel Brigade Knights of the Ku Klux Klan,http://rebelbrigadeknightstrueinvisibleempire.yolasite.com
,Apache,,,,,,Black Nationalist,Nation of Islam,https://wildcard.hostgator.com/
,IIS,,,,,,General Hate,Chick Publications,https://www.chick.com/
GoDaddy Website Builder,,,,,,,General Hate,Holy Nation of Odin,https://sonsofodin1519.org/
,Apache,,,,,,General Hate,Power of Prophecy,https://www.texemarrs.com/
,OpenGSE,"Python, Java",,,,,Black Nationalist,Nation of Islam,http://asgsouthwest.blogspot.com/2010/05/nation-of-islam-meeting-times.html
WordPress,,PHP,Cloudflare,,Flywheel,,General Hate,Sons of Liberty Media (formerly You Can Run But You Cannot Hide),https://sonsoflibertymedia.com/
,Apache,,,,,,Christian Identity,Kingdom Identity Ministries,http://www.kingidentity.com/
WordPress,Apache,PHP,,,,,Hate Music & Neo-Nazi,nan,http://whitenationalists.com/
,Apache,,,,,,Black Nationalist,All Eyes On Egypt Bookstore,http://www.aeoebookstore.com/
,,,Cloudflare,,,,Holocaust Denial,Righteous Jews,https://www.righteousjews.org/
Wix,,,,,,,Black Nationalist,Nation of Islam,http://www.mosque36.com/
,IIS,,Cloudflare,,,,Black Nationalist,Nation of Islam,https://v1.noi.org/reg_western_region.htm
,Apache,,,,,,Christian Identity,Mission to Israel ,https://www.missiontoisrael.org/
WordPress,Apache,PHP,,,,,Christian Identity,Christian Identity Church,http://christianidentitychurch.net/
,,,,,,,Hate Music & Neo-Nazi,United Riot Records,https://www.facebook.com/unitedriotrecords/
WordPress,Apache,PHP,,,,,Hate Music & Neo-Nazi,The Creativity Alliance,https://creativityalliance.com/
,LiteSpeed,,,,,,Hate Music & Neo-Nazi,New Order,https://www.theneworder.org/
WordPress,Apache,PHP,,,,,Black Nationalist,Nation of Islam,http://mosque74.org/
,,,,,,,Hate Music & Neo-Nazi,American Defense Records,https://www.facebook.com/disarmnever/
,IIS,CFML,Cloudflare,,,,Hate Music & Neo-Nazi,Supreme White Alliance,https://www.hugedomains.com/domain_profile.cfm?d=swa43&e=com
,OpenGSE,"Python, Java",,,,,Black Nationalist,Nation of Islam,http://muhammadmosque69.blogspot.com/
,OpenGSE,"Python, Java",,,,,Black Nationalist,Nation of Islam,http://www.noigrandrapids.com/
,Apache,,,,,,Hate Music & Neo-Nazi,nan,https://www.combat18.com/
WordPress,Nginx,PHP,,,Automattic,Nginx,Neo-Confederate,Western Rifle Shooters,https://westernrifleshooters.wordpress.com/
GoDaddy Website Builder,Apache,,,,,,General Hate,Concerned Citizens and Friends of Illegal Immigration Law Enforcement,http://www.ccfiile.com/
,OpenGSE,"Python, Java",,,,,Hate Music & Neo-Nazi,OSI Temple,http://osi-temple.blogspot.com/
,,,,,,,Neo-Confederate,The Right Voice,http://www.therightvoice.net/
,Nginx,,,,,Nginx,Hate Music & Neo-Nazi,National Socialist Movement,https://www.nsm88.org/
WordPress,,PHP,Cloudflare,,,,White Nationalist,The Right Stuff,https://therightstuff.biz/
,Apache,,,,,,General Hate,Official Street Preachers,https://www.officialstreetpreachers.com/
WordPress,,PHP,Cloudflare,,,,Neo-Confederate,The Right Stuff Radio,https://therightstuff.biz/
WordPress,Apache,PHP,,,,,Hate Music & Neo-Nazi,The Creativity Movement,https://creativitymovement.net/
WordPress,Apache,PHP,,,,,Holocaust Denial,The Realist Report,http://therealistreport.com/
,"Nginx, Microsoft HTTPAPI",,,,,Nginx,KKK,United White Knights of the Ku Kiux Klan,http://www.texaskkk.com/
,,,,,,,Hate Music & Neo-Nazi,National Alliance Reform and Restoration Group,https://www.facebook.com/natallreform/
,,,,,,,Hate Music & Neo-Nazi,Wolf Hook Life Clothing,https://www.facebook.com/wolfhookpride
Squarespace,,,,,,,Rad Catholics,Culture Wars/Fidelity Press,https://culturewars.com/
WordPress,,PHP,Cloudflare,,,,Neo-Confederate,League of the South,https://leagueofthesouth.com/
,Apache,,,,,,Hate Music & Neo-Nazi,Vanguard Productions,http://vanguard-productions.com/home/
,Apache Traffic Server,,,,,,General Hate,Cultural Studies Press,http://www.culturalstudiespress.com/
WordPress,Nginx,PHP,,,,Nginx,White Nationalist,NPI,https://nationalpolicy.institute/
,Nginx,,,,,Nginx,Hate Music & Neo-Nazi,Aryan Nations - Louisiana ,http://www.aryan-nations.org/
,,,Cloudflare,,,,Black Nationalist,All Eyes On Egipt Bookstore,https://alleyesonegiptchgo.webs.com/
,,PHP,Cloudflare,,,,Hate Music & Neo-Nazi,Panzerfaust Records,https://tightroperecords.com/catalog/
,,,Cloudflare,,,,Holocaust Denial,Deir Yassin Remembered,https://www.deiryassin.org/
GoDaddy Website Builder,,,,,,,Hate Music & Neo-Nazi,Heathens Motorcycle Club,https://heathensmf.com/
WordPress,Nginx,PHP,,,Automattic,Nginx,Neo-Confederate,Shotgun Barrel Straight ,https://shotgunwildatheart.wordpress.com/
,OpenGSE,"Python, Java",,,,,Hate Music & Neo-Nazi,Maryland National Socialist Party,http://mdnaziparty.blogspot.com/
,,,,,,,Hate Music & Neo-Nazi,Vanguard Productions,https://www.facebook.com/VanguardProdVinland/
,,CFML,,,,,General Hate,Bill Keller Ministries,https://liveprayer.com/index.cfm
MyWebsite,Apache,,,,,,Black Nationalist,Nation of Islam,http://www.noicharlestonsc.org/
,Nginx,,,,,Nginx,Black Nationalist,Nation of Islam,https://addr.ws/the-nation-of-islam-lexington-ky-study-group--lexington-us.html
WordPress,LiteSpeed,PHP,,,,,White Nationalist,BUGS,http://www.whitakeronline.org/blog/
WordPress,Nginx,PHP,,,,Nginx,Holocaust Denial,Truth Will Out Films,https://twofilms.tv/
Wix,Nginx,,,,,Nginx,General Hate,Insight USA,https://www.insightusa.us/
,Nginx,,,,,Nginx,Holocaust Denial,The End of Zion ,https://theendofzion.com/
WordPress,Nginx,PHP,,,Automattic,Nginx,Hate Music & Neo-Nazi,Keystone United/Keystone State Skinheads,https://keystone2001united.wordpress.com/
,,,Cloudflare,,,,Neo-Confederate,Kentucky League of the South,https://kentuckyleagueofthesouth.webs.com/
,,,,,,,Hate Music & Neo-Nazi,Hells Headbangers,https://www.facebook.com/hellsheadbangers
,Apache,,,,,,Christian Identity,Christ Assembly,http://christsassembly.com/
,,,Cloudflare,,,,Black Nationalist,Uncle Sams Misguided Children,https://unclesamsmisguidedchildren.com/
,,,,,,,Hate Music & Neo-Nazi,Stalhelm Records,https://www.facebook.com/northerndestroyer
WordPress,Apache,PHP,,,,,Black Nationalist,Nation of Islam,https://noidc.org/
GoDaddy Website Builder,,,,,,,Neo-Confederate,The Free Magnolia,https://freemagnolia.org/
,OpenGSE,"Python, Java",,,,,Hate Music & Neo-Nazi,United Riot Records,http://unitedriotrecords.blogspot.com/
WordPress,Nginx,PHP,,,Automattic,Nginx,Hate Music & Neo-Nazi,"Golden Dawn - Astoria, NY",https://xaameriki.wordpress.com/
WordPress,Nginx,PHP,,,,Nginx,Christian Identity,Euro Folk Radio,http://eurofolkradio.com/
WordPress,LiteSpeed,PHP,,,,,White Nationalist,Heritage and Destiny,http://www.efp.org.uk/
WordPress,Apache,PHP,,,,,Hate Music & Neo-Nazi,Nuclear War Now Productions,http://www.nwnprod.com/
,Apache,,,,,,Hate Music & Neo-Nazi,White Aryan Resistance,http://www.resist.com/
,Apache,PHP,,,,,Rad Catholics,IHM Media,http://ihmmedia.net/
,Apache,,,,,,Rad Catholics,Tradition in Action,https://www.traditioninaction.org/
,Apache,,,,,,Black Nationalist,Nation of Islam,https://etrigg.com/location/muhammad-mosque-3-4202-n-teutonia-ave-53209-milwaukee-united-states/2988321/
WordPress,Apache,PHP,,,,,Black Nationalist,Nation of Islam,http://www.noiatlanta.org/
,OpenGSE,"Python, Java",,,,,Hate Music & Neo-Nazi,nan,http://whitereference.blogspot.hu/
,,,Cloudflare,,,,KKK,Ku Klos Knights of the Ku Klux Klan,https://kuklosknights.com/
WordPress,,PHP,Cloudflare,,,,General Hate,American Free Press,https://americanfreepress.net/
WordPress,Nginx,PHP,,,WP Engine,Nginx,Neo-Confederate,Dixie Republic,https://dixierepublic.com/
WordPress,,PHP,Cloudflare,,SiteGround,,General Hate,American Clarion,https://www.americanclarion.com/
,Apache,,,,,,General Hate,Ozark Craft LC,http://puttroopsontheborder.com/ozarkcraft.html
WordPress,Nginx,PHP,,,Automattic,Nginx,Neo-Confederate,Association for Appalachia,https://appalachianrepublic.wordpress.com/
WordPress,Nginx,PHP,,,Automattic,Nginx,Hate Music & Neo-Nazi,Attack the System,https://attackthesystem.com/
WordPress,,PHP,Cloudflare,,,,Neo-Confederate,Occidental Dissent,http://www.occidentaldissent.com/
,,,,,,,Hate Music & Neo-Nazi,Death Oracle Productions,https://deathoracle.bigcartel.com/
WordPress,Apache,PHP,,,,,KKK,White Pride Radio,https://altrighttv.com/
,"Nginx, OpenResty",Lua,,,,Nginx,Hate Music & Neo-Nazi,United Riot Records,https://www.tumblr.com/search_no_results
,,,,,,,Hate Music & Neo-Nazi,Darkness Attacks Records,https://officialblackwitchery.bigcartel.com/
,,,Cloudflare,,,,KKK,Great Lake Knights,https://greatlakesknights.my-free.website/
WordPress,,PHP,Cloudflare,,SiteGround,,White Nationalist,Identity Evropa,https://www.identityevropa.com/
WordPress,Apache,PHP,Incapsula,,,,General Hate,Reformation-Bible Puritan-Baptist Church/Vatican Assassins,https://vaticanassassins.org/
,OpenGSE,"Python, Java",,,,,Rad Catholics,Robert Sungenis,https://www.robertsungenis.org/
,,,,,,,Hate Music & Neo-Nazi,United Riot Records,https://unitedriotrecords.bigcartel.com/
WordPress,Apache,PHP,,,,,Neo-Confederate,Southern Agrarian,http://www.southernagrarian.com/
,,,,,,,Hate Music & Neo-Nazi,MSR Productions,https://www.facebook.com/msr19882/
,,,,,,,White Nationalist,Foundation for the Marketplace of Ideas,http://www.freedomfront.org/
Wix,Nginx,,,,,Nginx,Hate Music & Neo-Nazi,Vinland Clothing,https://www.vinlandclothing.com/
,OpenGSE,"Python, Java",,,,,Hate Music & Neo-Nazi,Parasitic Records,http://parasiticrecords.blogspot.com/
,"Phusion Passenger, Apache",,,,,,Hate Music & Neo-Nazi,Stomp Out Child Abuse Compilation,http://punishmentblockrecords.limitedrun.com/
WordPress,,PHP,Cloudflare,,,,KKK,Traditionalist American Knights of the Ku Klux Klan,http://traditionalistamericanknights.com/
WordPress,,PHP,Cloudflare,,,,White Nationalist,Occidental Dissent,http://www.occidentaldissent.com/
,Apache,,,,,,Christian Identity,Yahushua DSCI Ministry,http://www.yahushuadsciministry.us/
,Apache,PHP,,,,,Hate Music & Neo-Nazi,MSR Productions,https://msrproductions.com/
WordPress,Nginx,PHP,,,,Nginx,White Nationalist,Washington Summit Publishers,https://washsummit.com/
,Nginx,,,,,Nginx,Hate Music & Neo-Nazi,Hells Headbangers,https://hellsheadbangers.bandcamp.com/
WordPress,Nginx,PHP,,,Automattic,Nginx,KKK,White Knights of Justice,https://whiteknightsofjustice.wordpress.com/
,IIS,PHP,,,,,White Nationalist,Rense Radio,https://rense.com//
,OpenGSE,"Python, Java",,,,,Neo-Confederate,Free North Carolina,https://freenorthcarolina.blogspot.com/
GoDaddy Website Builder,,,,,,,Hate Music & Neo-Nazi,Aryan Nation-Sadistic Souls Skinheads/Black & Silver Solution,https://www.sadisticsoulsmc.org/
,IIS,CFML,Cloudflare,,,,Hate Music & Neo-Nazi,Supreme White Alliance,https://www.hugedomains.com/domain_profile.cfm?d=swa43&e=com
,Apache,PHP,,,,,Hate Music & Neo-Nazi,ISD Records,http://www.isdrecords.com/
WordPress,"Nginx, OpenResty","PHP, Lua",,,,Nginx,Hate Music & Neo-Nazi,National Alliance,https://natall.com/
Drupal,,PHP,Cloudflare,,,,Christian Identity,Non-Universal Teaching Ministries,https://emahiser.christogenea.org/
WordPress,,PHP,Cloudflare,,,,Neo-Confederate,Florida League of the South,https://freeflorida.org/
,Apache,PHP,,,,,Hate Music & Neo-Nazi,Hate Crime Streetwear/Records,http://www.hcstreetwear.net/shop/
GoDaddy Website Builder,,,,,,,KKK,United Klans of America,http://www.theuka.us/
WordPress,,PHP,Cloudflare,,WP Engine,,White Nationalist,American Renaissance,https://www.amren.com/
WordPress,,PHP,Cloudflare,,,,Hate Music & Neo-Nazi,American Nazi Party,https://www.americannaziparty.com/
WordPress,Nginx,PHP,Sucuri,,,Nginx,Hate Music & Neo-Nazi,nan,https://whiterabbitradio.net/
,,,Cloudflare,,,,KKK,Great Lakes Knights,https://greatlakesknights.my-free.website/
WordPress,Apache,PHP,,,,,Christian Identity,The Watchman files,http://thewatermanfiles.com/
,,,,,,,Hate Music & Neo-Nazi,Nuclear War Now Productions,https://www.facebook.com/Nuclear-War-Now-Productions-114864651994141/
,OpenGSE,"Python, Java",,,,,Hate Music & Neo-Nazi,Desastrious Records,http://desastrious.blogspot.com/
,,,Cloudflare,,,,KKK,East Coast Knights,https://www.eastcoastknightsofthetrueinvisibleempire.com/
Google Sites,OpenGSE,Java,,,,,KKK,Christian American White Knights,https://sites.google.com/site/americanchristianwhiteknights/
,IIS,CFML,Cloudflare,,,,Hate Music & Neo-Nazi,Crew38 & Hammerskin Nation forum,https://www.hugedomains.com/domain_profile.cfm?d=crew38&e=com
WordPress,Apache,PHP,,,,,Holocaust Denial,Barnes Review/Foundation for Economic Liberty,https://barnesreview.org/
,Phusion Passenger,Ruby,Cloudflare,,,,Hate Music & Neo-Nazi,Behold Barbarity,https://www.storenvy.com/?utm_campaign=store404redirect&utm_medium=redirect&utm_source=system
WordPress,Apache,PHP,,,,,Hate Music & Neo-Nazi,Soleil Moon Records,https://www.soleilmoon.com/
WordPress,Nginx,PHP,,,,Nginx,Holocaust Denial,Germar Rudolf,http://germarrudolf.com/
,Nginx,,,,,Nginx,Hate Music & Neo-Nazi,Parasitic Records,https://bandcamp.com/tag/parasitic-records
,OpenGSE,"Python, Java",,,,,Hate Music & Neo-Nazi,Werewolf 88,http://werwolf88radio.blogspot.com/
,Apache,,,,,,General Hate,a2z Publications,http://www.a2zpublications.com/
,,,,,,,Hate Music & Neo-Nazi,United Riot Records,http://www.angelfire.com/indie/unitedriotrecords/frameset.html
,Apache,PHP,,,,,Hate Music & Neo-Nazi,NS88 Video Division,http://www.ns88.com/
,Nginx,,,,,Nginx,Hate Music & Neo-Nazi,nan,http://www.aryanblood.net/
WordPress,Nginx,,,,,Nginx,General Hate,European-American Evangelistic Crusades,https://www.eaec.org/
,Tengine,PHP,,,,,KKK,Texas Rebel Knights,https://www.texasrebelknightskkk.com/
,,PHP,Cloudflare,,,,Holocaust Denial,Inconvenient Truth,http://www.inconvenienthistory.com/
WordPress,,PHP,Cloudflare,,WP Engine,,Neo-Confederate,Faith And Heritage,http://faithandheritage.com/
,,,,,,,Hate Music & Neo-Nazi,Behold Barbarity,https://www.facebook.com/Behold-Barbarity-records-and-distro-297670707109170/
,,,,,,,Hate Music & Neo-Nazi,Hostile Class Productions,https://www.facebook.com/hostile.class
Joomla,"Nginx, OpenResty","Lua, PHP",,,,Nginx,General Hate,Active Democracy,http://active-democracy.com/
Drupal,Nginx,PHP,,,,Nginx,Holocaust Denial,Institute for Historical Review,http://ihr.org/
,,Python,"jsDelivr, Cloudflare",,,,Holocaust Denial,Committee for Open Debate on the Holocaust,https://codoh.com/
WordPress,Apache,PHP,,,,,White Nationalist,Traditionalist Youth Network,https://www.tradyouth.org/
,,,Cloudflare,,,,Black Nationalist,Nation of Islam,https://muhammadmosque24.webs.com/
,IIS,,,,,,Christian Identity,Divine International Church of the Web,https://www.revandrewangel.com/site/index.html
Squarespace,,,,,,,White Nationalist,H.L. Mencken Club,http://hlmenckenclub.org/
,"Phusion Passenger, Apache",,,,,,Hate Music & Neo-Nazi,Punishment Block Records,http://punishmentblockrecords.limitedrun.com/
WordPress,Apache,PHP,,,,,KKK,Soldiers Of the Cross Training Institute,http://sotctraininginstitute.com/
Drupal,Apache,PHP,,,,,Rad Catholics,Christ or Chaos,http://christorchaos.com/
,Apache,,,,,,Holocaust Denial,Focal Point Publications,http://www.fpp.co.uk/
,Apache,PHP,,,,,Hate Music & Neo-Nazi,The Creativity Movement,http://creativitymovement.net/forum/
Weebly,Apache,PHP,,,,,Hate Music & Neo-Nazi,Florida United ,http://floridaunited.weebly.com/
WordPress,,PHP,Cloudflare,,,,White Nationalist,Occidental Quarterly,https://www.toqonline.com/
,Nginx,Ruby,,,,Nginx,White Nationalist,VDARE,https://vdare.com/
Drupal,Apache,PHP,,,,,Christian Identity,Kinsman Redeemer Ministries,http://kinsmanredeemer.com/
WordPress,,PHP,Cloudflare,,,,White Nationalist,CCC,http://conservative-headlines.com/
,Nginx,,,,,Nginx,Hate Music & Neo-Nazi,Nuclear War Now Productions,https://nuclearwarnowproductions.bandcamp.com/
WordPress,Nginx,PHP,Sucuri,,,Nginx,White Nationalist,White Rabbit Radio,https://whiterabbitradio.net/
WordPress,Apache,PHP,,,,,Rad Catholics,Most Holy Family Monastery,https://www.mostholyfamilymonastery.com/
,LiteSpeed,,,,,,Hate Music & Neo-Nazi,nan,http://www.whitakeronline.org/
Wix,Nginx,,,,,Nginx,Christian Identity,America's Promise Ministries,https://www.americaspromiseministries.org/
WordPress,Nginx,PHP,Sucuri,,,Nginx,White Nationalist,Occidental Observer,https://www.theoccidentalobserver.net/
,Apache,,,,,,White Nationalist,Patriotic Flags,https://www.patriotic-flags.com/
,,PHP,Cloudflare,,,,White Nationalist,Stormfront,https://www.stormfront.org/forum/
WordPress,,PHP,Cloudflare,,,,General Hate,Jewish Task Force,https://jtf.org/
WordPress,Nginx,PHP,,,,Nginx,Hate Music & Neo-Nazi,Third Reich Books,https://third-reich-books.com/
WordPress,,PHP,,,,,Hate Music & Neo-Nazi,nan,http://bootsandbraces.ning.com
WordPress,Apache,PHP,,,,,White Nationalist,Northwest Front,http://northwestfront.org/
,Apache,,,,,,White Nationalist,Social Contract Press,http://www.thesocialcontract.com/
Joomla,Apache,PHP,,,,,General Hate,"Brother Nathanael Foundation, The",http://brothernathanaelfoundation.org/
,,PHP,Cloudflare,,,,Hate Music & Neo-Nazi,nan,http://www.thephora.net/forum/
WordPress,Apache,PHP,,,,,KKK,Knights of the KKK,http://kkk.bz/
WordPress,,PHP,Cloudflare,,WP Engine,,White Nationalist,Faith and Heritage,https://faithandheritage.com/
,,,,,,,KKK,Georgia Knight Riders,https://www.georgiaknightriderskkk.com/
,,,,,,,Christian Identity,The Christian Identity Forum,http://www.thechristianidentityforum.net/
,,,,,,,Hate Music & Neo-Nazi,NSM88 Records,http://nsm88records.com/theshop/
,,,,,,,White Nationalist,American Vanguard,https://american-vanguard.org/
,,,,,,,Neo-Confederate,Southern Future,https://southernfuture.com/
,"Nginx, OpenResty",Lua,,,,Nginx,Hate Music & Neo-Nazi,Aryan Terror Brigade,http://aryanterrorbrigade.tumblr.com/
,Apache,,,,,,Rad Catholics,Slaves of the Immaculate Heart of Mary,https://catholicism.org/
,Apache,,,,,,Hate Music & Neo-Nazi,Micetrap Distribution,https://www.combat18.com/
,Apache,,,,,,Hate Music & Neo-Nazi,Micetrap Distribution,https://www.combat18.com/
WordPress,Apache,PHP,,,,,White Nationalist,American Freedom Union,http://www.americanfreedomunion.com/
,,PHP,Cloudflare,,,,Hate Music & Neo-Nazi,Panzerfaust Records,https://tightroperecords.com/catalog/
WordPress,Apache,PHP,,,,,Rad Catholics,In the Spirit of Chartres Committee,https://isoc.ws/
WordPress,Apache,PHP,,,,,Holocaust Denial,Barnes Review/Foundation for Economic Liberty,https://barnesreview.org/
WordPress,Apache,PHP,,,,,Rad Catholics,Most Holy Family Monastery,https://www.mostholyfamilymonastery.com/
,Nginx,,,,,Nginx,White Nationalist,VDARE,https://vdare.com/
WordPress,Apache,PHP,,,,,Hate Music & Neo-Nazi,nan,https://reviewskart.co.uk/
,Apache,,,,,,Hate Music & Neo-Nazi,Micetrap Distribution,https://www.combat18.com/
WordPress,Apache,PHP,,,,,Christian Identity,Anglo-Saxon Israel,https://anglo-saxonisrael.com/
,"Nginx, OpenResty",Lua,,,,Nginx,Hate Music & Neo-Nazi,Stalhelm Records,http://stahlhelmrecords.tumblr.com/
,"Nginx, OpenResty",Lua,,,,Nginx,KKK,United Northern and Southern Knights of the Ku Klux Klan,http://ww7.unskkkk.com/
WordPress,Apache,PHP,,,,,Christian Identity,David James Boston,https://davidjamesboston.com/
WordPress,,PHP,Cloudflare,,,,White Nationalist,Counter-Currents,https://www.counter-currents.com/
,,,,,,,Hate Music & Neo-Nazi,nan,http://www.awsnetwork.org
,,,,,,,KKK,Nordic Order Knights,http://www.nok311.com/
,,,,,,,Hate Music & Neo-Nazi,National Socialist Freedom Movement,https://nsfm.sharepoint.com/Pages/default.aspx
,,,,,,,Hate Music & Neo-Nazi,Golden State Skinheads/Solidarity,http://www.goldenstateskinheads.net/
,,,,,,,Hate Music & Neo-Nazi,Golden State Skinheads/Solidarity,http://www.goldenstateskinheads.net/forum/
,,,,,,,KKK,Mississippi White Kngihts,http://mississippiwhiteknights.com/firstpage.htm
,,,,,,,Hate Music & Neo-Nazi,Antipathy Records,http://www.antipathyrecords.com/
,,,,,,,KKK,Knights of the White Disciples,http://www.knightsofthewhitedisciples.com
,,,,,,,Hate Music & Neo-Nazi,Aryan Strikeforce,http://www.aryanstrikeforce318.org/
,,,,,,,Hate Music & Neo-Nazi,Keystone United/Keystone State Skinheads,http://myforum.kss2001.com/
,,,,,,,Hate Music & Neo-Nazi,American Viking Clothing,http://americanvikings.us
,,,,,,,Holocaust Denial,A light on Campus,http://www.alightoncampus.com
,,,,,,,Hate Music & Neo-Nazi,American Defense Records,http://www.bulldogaggression.com/
,,,,,,,KKK,Church of the National Knights of the Ku Klux Klan,http://www.cnkkkk.net/
,Nginx,,,,,Nginx,Hate Music & Neo-Nazi,Never Surrender Records,https://neversurrenderrecords.com/
,,,,,,,Christian Identity,Divine Truth Ministries,http://divine-truth.org/
,,,,,,,Hate Music & Neo-Nazi,Battalion 14,http://www.b14usa.org/
,,,,,,,Hate Music & Neo-Nazi,Stomp Out Child Abuse Compilation,http://www.chesterstomp.com/store.html
,,,,,,,Hate Music & Neo-Nazi,Hooligan Street Merch,http://www.hooliganstreetmerch.com/
,,,,,,,KKK,Patriotic Brigade Knights of the Ku Klux Klan,http://www.knightskkk.net/
,,,,,,,KKK,White Knights of the Ku Klux Klan of America,https://www.whiteknightsofthekukluxklanofamerica.com/
,,,,,,,White Nationalist,Traditionalist Worker Party,http://www.tradworker.org/
,,,,,,,Hate Music & Neo-Nazi,Crew38 & Hammerskin Nation website,http://hammerskins.net/
,,,,,,,Hate Music & Neo-Nazi,Resistance Records,http://www.resistance.com/site/
,,,,,,,Hate Music & Neo-Nazi,Micetrap Distribution,http://radiowhite.net/
,,,,,,,Rad Catholics,"Catholic Family News/Catholic Family Ministries, Inc.",http://www.cfnews.org/
,,,,,,,KKK,Original Knight Riders Knights of the Ku Klux Klan,https://www.originalknightriders.net/
,Apache,,,,,,Christian Identity,Virginia Publishing Company,http://www.richardhoskins.com/
,,,,,,,Hate Music & Neo-Nazi,Vanguard Productions,https://www.facebook.com/VanguardProdVinland/
,,,,,,,Hate Music & Neo-Nazi,Behold Barbarity,https://www.facebook.com/Behold-Barbarity-records-and-distro-297670707109170/
,,,,,,,Hate Music & Neo-Nazi,Aryan Nation-Sadistic Souls MC/Black & Silver Solution,https://www.facebook.com/Sadistic-Souls-MC-792247310797582/
,Nginx,,,,,Nginx,Hate Music & Neo-Nazi,Aryan Terror Brigade,http://www.atb318.com/
,Nginx,,,,,Nginx,Hate Music & Neo-Nazi,Resistance Records,http://www.resistancerecords.com/
,,,,,,,Hate Music & Neo-Nazi,National Alliance Reform and Restoration Group,https://www.facebook.com/natallreform/
,,,,,,,White Nationalist,American Eagle Party,http://americaneagleparty.com/
,,,,,,,KKK,International Keystone Knights of the Ku Klux Klan,http://www.ikkkkk.org/
,Apache,,,,,,Hate Music & Neo-Nazi,NS Publications,http://nspublications.com/
,,,,,,,Hate Music & Neo-Nazi,White Aryan Resistance,http://www.resistance88.com/index1.htm#.Vv1YzJwrLIU
,Apache,,,,,,Christian Identity,Kingdom Identity Ministries,http://www.kingidentity.com/
,Apache,,,,,,Holocaust Denial,Irving Books,https://irvingbooks.com/xcart/home.php
,,,,,,,Hate Music & Neo-Nazi,Hells Headbangers,https://www.facebook.com/hellsheadbangers
,IIS,,,,,,Hate Music & Neo-Nazi,National Alliance Reform and Restoration Group,http://www.narrg.com/
,Apache,,,,,,Hate Music & Neo-Nazi,American Viking Clothing,https://www.americanvikings.com/
,Apache,,,,,,Hate Music & Neo-Nazi,Get Some 88,http://www.getsome88.com/
,Apache,,,,,,Christian Identity,Christ Assembly,http://christsassembly.com/
,Nginx,,,,,Nginx,Hate Music & Neo-Nazi,Iron Clad Records,http://www.ironcladrecords.com/
,"Phusion Passenger, Apache",,,,,,Hate Music & Neo-Nazi,Punishment Block Records,http://punishmentblockrecords.limitedrun.com/
,Apache,PHP,,,,,Hate Music & Neo-Nazi,NS88 Video Division,http://www.ns88.com/
GoDaddy Website Builder,,,,,,,Hate Music & Neo-Nazi,Aryan Nation-Sadistic Souls Skinheads/Black & Silver Solution,https://www.sadisticsoulsmc.org/
,Apache,,,,,,Christian Identity,Mission to Israel ,https://www.missiontoisrael.org/
WordPress,,PHP,Cloudflare,,WP Engine,,Neo-Confederate,Faith And Heritage,http://faithandheritage.com/
,Nginx,,,,,Nginx,Holocaust Denial,Campaign for Radical Truth in History,https://www.revisionisthistory.org/
WordPress,Nginx,PHP,,,Automattic,Nginx,Neo-Confederate,Association for Appalachia,https://appalachianrepublic.wordpress.com/
,IIS,,,,,,Christian Identity,Divine International Church of the Web,https://www.revandrewangel.com/site/index.html
,,,,,,,Hate Music & Neo-Nazi,Micetrap Distribution,https://www.facebook.com/micetrap
,OpenGSE,"Python, Java",,,,,Hate Music & Neo-Nazi,Maryland National Socialist Party,http://mdnaziparty.blogspot.com/
,OpenGSE,"Python, Java",,,,,Hate Music & Neo-Nazi,Werewolf 88,http://werwolf88radio.blogspot.com/
WordPress,Apache,PHP,,,,,Neo-Confederate,Dixie Outfitters,http://dixieoutfitters.com/pages/blog/category/news/interesting-email/
,,,,,,,Hate Music & Neo-Nazi,Nuclear War Now Productions,https://www.facebook.com/Nuclear-War-Now-Productions-114864651994141/
WordPress,Apache,PHP,,,,,Hate Music & Neo-Nazi,Label 56,http://www.label56.com/
GoDaddy Website Builder,,,,,,,Neo-Confederate,The Free Magnolia,https://freemagnolia.org/
Drupal,,PHP,Cloudflare,,,,Christian Identity,Christogenea,https://christogenea.org/
,,,Cloudflare,,,,Holocaust Denial,Deir Yassin Remembered,https://www.deiryassin.org/
,,,,,,,Hate Music & Neo-Nazi,United Riot Records,https://www.facebook.com/unitedriotrecords/
,Apache,PHP,,,,,Hate Music & Neo-Nazi,Nuclear War Now Productions,http://www.nwnprod.com/forum/viewforum.php?f=2
,Apache,,,,,,Holocaust Denial,Focal Point Publications,http://www.fpp.co.uk/
WordPress,Nginx,PHP,,,,Nginx,Hate Music & Neo-Nazi,Third Reich Books,https://third-reich-books.com/
,"Phusion Passenger, Apache",,,,,,Hate Music & Neo-Nazi,Stomp Out Child Abuse Compilation,http://punishmentblockrecords.limitedrun.com/
,IIS,,,,,,Rad Catholics,OMNI Christian Book Club,http://www.omnicbc.com/
,LiteSpeed,,,,,,Hate Music & Neo-Nazi,New Order,https://www.theneworder.org/
,Apache,PHP,,,,,Hate Music & Neo-Nazi,ISD Records,http://www.isdrecords.com/
,Apache,,,,,,Hate Music & Neo-Nazi,White Aryan Resistance,http://www.resist.com/
WordPress,Nginx,PHP,,,Automattic,Nginx,Hate Music & Neo-Nazi,Keystone United/Keystone State Skinheads,https://keystone2001united.wordpress.com/
WordPress,Apache,PHP,,,,,KKK,Loyal White Knights of the Ku Klux Klan,https://lwkkkk.com/wp/
,Apache,,,,,,Christian Identity,Yahweh's Truth,http://www.jameswickstrom.com/cgi-sys/suspendedpage.cgi
,,,,,,,Hate Music & Neo-Nazi,Parasitic Records,https://www.facebook.com/Parasitic666Records/
,Apache,,,,,,Rad Catholics,"Fatima Crusader, The/International Fatima Rosary Crusade",http://www.fatimacrusader.com/
,,,,,,,Hate Music & Neo-Nazi,Wolf Hook Life Clothing,https://www.facebook.com/wolfhookpride
,,,,,,,Hate Music & Neo-Nazi,American Defense Records,https://www.facebook.com/disarmnever/
,,,,,,,Hate Music & Neo-Nazi,Hostile Class Productions,https://www.facebook.com/hostile.class
WordPress,Apache,PHP,,,,,Hate Music & Neo-Nazi,The Creativity Movement,https://creativitymovement.net/
,,,,,,,Hate Music & Neo-Nazi,Gallows Tree Wotanvolk Alliance,https://www.facebook.com/gallowstreewotansvolk/
,,,,,,,Neo-Confederate,The Right Voice,http://www.therightvoice.net/
,IIS,CFML,Cloudflare,,,,Hate Music & Neo-Nazi,Crew38 & Hammerskin Nation forum,https://www.hugedomains.com/domain_profile.cfm?d=crew38&e=com
,Apache,PHP,,,,,Rad Catholics,IHM Media,http://ihmmedia.net/
,OpenGSE,"Python, Java",,,,,Hate Music & Neo-Nazi,OSI Temple,http://osi-temple.blogspot.com/
,,,,,,,Hate Music & Neo-Nazi,Parasitic Records,http://parasiticrecords.bigcartel.com/
,,,,,,,Hate Music & Neo-Nazi,Stalhelm Records,https://www.facebook.com/northerndestroyer
,Apache,,,,,,Rad Catholics,IHS Press,http://www.ihspress.com/index1.htm
,Phusion Passenger,Ruby,Cloudflare,,,,Hate Music & Neo-Nazi,Behold Barbarity,https://www.storenvy.com/?utm_campaign=store404redirect&utm_medium=redirect&utm_source=system
,IIS,CFML,Cloudflare,,,,Hate Music & Neo-Nazi,Stalhelm Records,https://www.hugedomains.com/domain_profile.cfm?d=stahlhelmrecords&e=com
,,,,,,,Hate Music & Neo-Nazi,Death Oracle Productions,https://www.facebook.com/Death-Oracle-Productions-759295887436602/
,Apache,,,,,,White Nationalist,Patriotic Flags,https://www.patriotic-flags.com/
,Phusion Passenger,,Cloudflare,,,,Hate Music & Neo-Nazi,Behold Barbarity,http://beholdbarbarity.storenvy.com/
,OpenGSE,"Python, Java",,,,,Hate Music & Neo-Nazi,Parasitic Records,http://parasiticrecords.blogspot.com/
WordPress,,PHP,Cloudflare,,,,KKK,Traditionalist American Knights of the Ku Klux Klan,http://traditionalistamericanknights.com/
,,,,,,,Hate Music & Neo-Nazi,Label 56,https://www.facebook.com/Label-56-LLC-577266465630487/
,LiteSpeed,,,,,,Hate Music & Neo-Nazi,nan,http://www.whitakeronline.org/
Drupal,,PHP,Cloudflare,,,,Christian Identity,Non-Universal Teaching Ministries,https://emahiser.christogenea.org/
,OpenGSE,"Python, Java",,,,,Neo-Confederate,Free North Carolina,https://freenorthcarolina.blogspot.com/
,Apache,,,,,,Christian Identity,Our Place Fellowship,http://www.sonplace.com/Our_Place/
WordPress,Nginx,PHP,,,,Nginx,Holocaust Denial,Germar Rudolf,http://germarrudolf.com/
WordPress,Apache,PHP,,,,,Hate Music & Neo-Nazi,nan,http://whitenationalists.com/
WordPress,Nginx,PHP,,,Automattic,Nginx,Hate Music & Neo-Nazi,Attack the System,https://attackthesystem.com/
Squarespace,,,,,,,Holocaust Denial,Gilad Atzmon,https://gilad.online/
,Apache,,,,,,White Nationalist,Center for Perpetual Diversity,http://www.perpetualdiversity.com/
,,,,,,,Hate Music & Neo-Nazi,United Riot Records,http://www.angelfire.com/indie/unitedriotrecords/frameset.html
,,PHP,Cloudflare,,,,Holocaust Denial,Inconvenient Truth,http://www.inconvenienthistory.com/
WordPress,,PHP,Cloudflare,,,,White Nationalist,Occidental Dissent,http://www.occidentaldissent.com/
WordPress,Apache,PHP,,,,,Neo-Confederate,Southern Agrarian,http://www.southernagrarian.com/
,,PHP,Cloudflare,,,,Hate Music & Neo-Nazi,Tightrope Records,https://tightroperecords.com/catalog/
,,,,,,,Hate Music & Neo-Nazi,MSR Productions,https://www.facebook.com/msr19882/
,Apache,,,,,,Holocaust Denial,Reporter's notebook,http://www.reportersnotebook.com/
WordPress,Apache,PHP,,,,,Hate Music & Neo-Nazi,The Creativity Alliance,https://creativityalliance.com/
Joomla,,PHP,"jsDelivr, Cloudflare",,,,Rad Catholics,"Remnant, The/The Remnant Press",https://remnantnewspaper.com/web/index.php
WordPress,Apache,PHP,,,,,KKK,Knights of the KKK,http://kkk.bz/
,,,,,,,White Nationalist,Foundation for the Marketplace of Ideas,http://www.freedomfront.org/
WordPress,,PHP,Cloudflare,,SiteGround,,White Nationalist,Identity Evropa,https://www.identityevropa.com/
WordPress,Apache,PHP,,,,,Christian Identity,Christian Identity Church,http://christianidentitychurch.net/
WordPress,"Nginx, OpenResty","PHP, Lua",,,,Nginx,Hate Music & Neo-Nazi,National Alliance,https://natall.com/
,IIS,PHP,,,,,White Nationalist,Rense Radio,https://rense.com//
,Nginx,,,,,Nginx,Hate Music & Neo-Nazi,National Socialist Movement,https://www.nsm88.org/
WordPress,LiteSpeed,PHP,,,,,White Nationalist,Heritage and Destiny,http://www.efp.org.uk/
,,,,,,,Hate Music & Neo-Nazi,Death Oracle Productions,https://deathoracle.bigcartel.com/
,,,,,,,Hate Music & Neo-Nazi,United Riot Records,https://unitedriotrecords.bigcartel.com/
WordPress,,PHP,Cloudflare,,,,Neo-Confederate,The Right Stuff Radio,https://therightstuff.biz/
,Nginx,,,,,Nginx,Hate Music & Neo-Nazi,American Front,http://ww38.americanfront.org/
WordPress,Apache,PHP,,,,,KKK,Soldiers Of the Cross Training Institute,http://sotctraininginstitute.com/
,Nginx,,,,,Nginx,Holocaust Denial,The End of Zion ,https://theendofzion.com/
WordPress,,PHP,Cloudflare,,,,White Nationalist,The Political Cesspool,https://www.thepoliticalcesspool.org/
,OpenGSE,"Python, Java",,,,,Hate Music & Neo-Nazi,United Riot Records,http://unitedriotrecords.blogspot.com/
Wix,Nginx,,,,,Nginx,Christian Identity,America's Promise Ministries,https://www.americaspromiseministries.org/
,OpenGSE,"Python, Java",,,,,Rad Catholics,Robert Sungenis,https://www.robertsungenis.org/
Squarespace,,,,,,,White Nationalist,H.L. Mencken Club,http://hlmenckenclub.org/
WordPress,Nginx,PHP,,,Automattic,Nginx,Hate Music & Neo-Nazi,"Golden Dawn - Astoria, NY",https://xaameriki.wordpress.com/
,"Nginx, OpenResty",Lua,,,,Nginx,Hate Music & Neo-Nazi,United Riot Records,https://www.tumblr.com/search_no_results
,,,Cloudflare,,,,Holocaust Denial,Righteous Jews,https://www.righteousjews.org/
,Apache,PHP,,,,,Hate Music & Neo-Nazi,Hate Crime Streetwear/Records,http://www.hcstreetwear.net/shop/
,"Nginx, OpenResty",Lua,,,,Nginx,Rad Catholics,Catholic Counterpoint,http://www.catholiccounterpoint.com/
WordPress,Nginx,PHP,,,Automattic,Nginx,KKK,White Knights of Justice,https://whiteknightsofjustice.wordpress.com/
,Apache,,,,,,Hate Music & Neo-Nazi,nan,https://www.combat18.com/
,,,,,,,Hate Music & Neo-Nazi,Darkness Attacks Records,https://officialblackwitchery.bigcartel.com/
,Nginx,,,,,Nginx,Hate Music & Neo-Nazi,Hells Headbangers,https://hellsheadbangers.bandcamp.com/
Weebly,Apache,PHP,,,,,Hate Music & Neo-Nazi,Florida United ,http://floridaunited.weebly.com/
WordPress,Nginx,PHP,,,,Nginx,White Nationalist,NPI,https://nationalpolicy.institute/
WordPress,,PHP,Cloudflare,,,,White Nationalist,The Right Stuff,https://therightstuff.biz/
WordPress,Nginx,PHP,,,WP Engine,Nginx,Neo-Confederate,Dixie Republic,https://dixierepublic.com/
,OpenGSE,Java,,,,,KKK,United Dixie White Knights,https://accounts.google.com/ServiceLogin?service=jotspot&passive=1209600&continue=https://sites.google.com/site/sites/system/errors/SiteDisabled?disabledSite%3Ddefaultdomain/uniteddixiewhiteknights&followup=https://sites.google.com/site/sites/system/errors/SiteDisabled?disabledSite%3Ddefaultdomain/uniteddixiewhiteknights
WordPress,,PHP,Cloudflare,,WP Engine,,White Nationalist,American Renaissance,https://www.amren.com/
,,,Cloudflare,,,,KKK,East Coast Knights,https://www.eastcoastknightsofthetrueinvisibleempire.com/
Drupal,Apache,PHP,,,,,Christian Identity,Kinsman Redeemer Ministries,http://kinsmanredeemer.com/
WordPress,Nginx,PHP,Sucuri,,,Nginx,White Nationalist,White Rabbit Radio,https://whiterabbitradio.net/
WordPress,Apache,PHP,,,,,KKK,White Pride Radio,https://altrighttv.com/
,OpenGSE,"Python, Java",,,,,Hate Music & Neo-Nazi,Parasitic Records,http://midnightbloodentertainment.blogspot.com/
,Apache,PHP,,,,,Hate Music & Neo-Nazi,The Creativity Movement,http://creativitymovement.net/forum/
WordPress,Apache,PHP,,,,,Hate Music & Neo-Nazi,Soleil Moon Records,https://www.soleilmoon.com/
WordPress,Nginx,PHP,,,,Nginx,Holocaust Denial,Truth Will Out Films,https://twofilms.tv/
,Apache,,,,,,Christian Identity,Covenant People's Ministry,http://www.covenantpeoplesministry.org/
GoDaddy Website Builder,,,,,,,Hate Music & Neo-Nazi,Heathens Motorcycle Club,https://heathensmf.com/
,Apache,,,,,,Christian Identity,National Prayer Network,https://truthtellers.org/
Drupal,Nginx,PHP,,,,Nginx,Holocaust Denial,Institute for Historical Review,http://ihr.org/
,OpenGSE,"Python, Java",,,,,Hate Music & Neo-Nazi,nan,http://whitereference.blogspot.hu/
WordPress,,PHP,Cloudflare,,,,White Nationalist,CCC,http://conservative-headlines.com/
GoDaddy Website Builder,,,,,,,KKK,United Klans of America,http://www.theuka.us/
,Nginx,,,,,Nginx,Hate Music & Neo-Nazi,Aryan Nations - Louisiana ,http://www.aryan-nations.org/
WordPress,Apache,PHP,,,,,White Nationalist,Forza Nuova,http://www.usa.forzanuova.info/
,Nginx,,,,,Nginx,Hate Music & Neo-Nazi,nan,http://www.aryanblood.net/
WordPress,,PHP,,,,,Hate Music & Neo-Nazi,nan,http://bootsandbraces.ning.com
,Nginx,,,,,Nginx,Hate Music & Neo-Nazi,Parasitic Records,https://bandcamp.com/tag/parasitic-records
,IIS,CFML,Cloudflare,,,,Hate Music & Neo-Nazi,Supreme White Alliance,https://www.hugedomains.com/domain_profile.cfm?d=swa43&e=com
WordPress,Nginx,PHP,,,Automattic,Nginx,Neo-Confederate,Shotgun Barrel Straight ,https://shotgunwildatheart.wordpress.com/
,Apache,PHP,,,,,Hate Music & Neo-Nazi,MSR Productions,https://msrproductions.com/
,,PHP,Cloudflare,,,,White Nationalist,Stormfront,https://www.stormfront.org/forum/
,Nginx,,,,,Nginx,Christian Identity,Scriptures for America Worldwide Ministries - international outreach ministry of the LaPorte Church of Christ,http://www.scripturesforamerica.org/
,IIS,CFML,Cloudflare,,,,Hate Music & Neo-Nazi,Supreme White Alliance,https://www.hugedomains.com/domain_profile.cfm?d=swa43&e=com
Drupal,Apache,PHP,,,,,Christian Identity,Fellowship of God's Covenant People,http://fgcp.org/
,Nginx,,,,,Nginx,Hate Music & Neo-Nazi,Nuclear War Now Productions,https://nuclearwarnowproductions.bandcamp.com/
WordPress,Nginx,PHP,,,Automattic,Nginx,Neo-Confederate,Western Rifle Shooters,https://westernrifleshooters.wordpress.com/
,Tengine,PHP,,,,,KKK,Texas Rebel Knights,https://www.texasrebelknightskkk.com/
WordPress,LiteSpeed,PHP,,,,,White Nationalist,BUGS,http://www.whitakeronline.org/blog/
WordPress,Nginx,PHP,,,,Nginx,White Nationalist,Washington Summit Publishers,https://washsummit.com/
,Apache,,,,,,Hate Music & Neo-Nazi,Vanguard Productions,http://vanguard-productions.com/home/
,Apache,,,,,,Christian Identity,Yahushua DSCI Ministry,http://www.yahushuadsciministry.us/
,OpenGSE,Java,,,,,Hate Music & Neo-Nazi,Werewolf 88,https://accounts.google.com/ServiceLogin?service=jotspot&passive=1209600&continue=https://sites.google.com/site/sites/system/errors/SiteDisabled?disabledSite%3Ddefaultdomain/werwolfeightyeight&followup=https://sites.google.com/site/sites/system/errors/SiteDisabled?disabledSite%3Ddefaultdomain/werwolfeightyeight
Google Sites,OpenGSE,Java,,,,,KKK,Christian American White Knights,https://sites.google.com/site/americanchristianwhiteknights/
Squarespace,,,,,,,Rad Catholics,Culture Wars/Fidelity Press,https://culturewars.com/
WordPress,Nginx,PHP,Sucuri,,,Nginx,Hate Music & Neo-Nazi,nan,https://whiterabbitradio.net/
WordPress,Apache,PHP,,,,,Hate Music & Neo-Nazi,nan,https://reviewskart.co.uk/
Wix,,,,,,,Hate Music & Neo-Nazi,Vinland Clothing,https://www.vinlandclothing.com/
WordPress,Apache,PHP,,,,,White Nationalist,Traditionalist Youth Network,https://www.tradyouth.org/
WordPress,Nginx,PHP,,,,Nginx,Christian Identity,Euro Folk Radio,http://eurofolkradio.com/
WordPress,Apache,PHP,,,,,Holocaust Denial,Andrew Carrington Hitchcock,https://andrewcarringtonhitchcock.com/
,,,Cloudflare,,,,KKK,Great Lakes Knights,https://greatlakesknights.my-free.website/
WordPress,Nginx,PHP,,,,Nginx,White Nationalist,Radix,https://radixjournal.com/
WordPress,Apache,PHP,,,,,Hate Music & Neo-Nazi,Nuclear War Now Productions,http://www.nwnprod.com/
WordPress,Apache,PHP,,,,,Christian Identity,The Watchman files,http://thewatermanfiles.com/
WordPress,Nginx,PHP,Sucuri,,,Nginx,White Nationalist,Occidental Observer,https://www.theoccidentalobserver.net/
,,PHP,Cloudflare,,,,KKK,Rebel Brigade Knights of the Ku Klux Klan,http://rebelbrigadeknightstrueinvisibleempire.yolasite.com
WordPress,,PHP,Cloudflare,,,,Hate Music & Neo-Nazi,American Nazi Party,https://www.americannaziparty.com/
Drupal,Apache,PHP,,,,,Rad Catholics,Christ or Chaos,http://christorchaos.com/
,,,Cloudflare,,,,KKK,Great Lake Knights,https://greatlakesknights.my-free.website/
,,,Cloudflare,,,,KKK,Ku Klos Knights of the Ku Klux Klan,https://kuklosknights.com/
,"Nginx, Microsoft HTTPAPI",,,,,Nginx,KKK,United White Knights of the Ku Kiux Klan,http://www.texaskkk.com/
,Apache,,,,,,White Nationalist,Social Contract Press,http://www.thesocialcontract.com/
,OpenGSE,"Python, Java",,,,,Hate Music & Neo-Nazi,Desastrious Records,http://desastrious.blogspot.com/
,,PHP,Cloudflare,,,,Hate Music & Neo-Nazi,nan,http://www.thephora.net/forum/
,Apache,,,,,,Rad Catholics,Tradition in Action,https://www.traditioninaction.org/
WordPress,Apache,PHP,,,,,Holocaust Denial,The Realist Report,http://therealistreport.com/
WordPress,,PHP,Cloudflare,,WP Engine,,White Nationalist,Faith and Heritage,https://faithandheritage.com/
WordPress,,PHP,Cloudflare,,,,White Nationalist,Occidental Quarterly,https://www.toqonline.com/
,,,,,,,White Nationalist,American Vanguard,https://american-vanguard.org/
,,,,,,,Hate Music & Neo-Nazi,NSM88 Records,http://nsm88records.com/theshop/
,,,,,,,KKK,Georgia Knight Riders,https://www.georgiaknightriderskkk.com/
,,,,,,,Christian Identity,The Christian Identity Forum,http://www.thechristianidentityforum.net/
,Apache,,,,,,Christian Identity,Christ Assembly,http://christsassembly.com/
,,,,,,,Holocaust Denial,A light on Campus,http://www.alightoncampus.com
,,,,,,,White Nationalist,American Eagle Party,http://americaneagleparty.com/
,,,,,,,White Nationalist,Traditionalist Worker Party,http://www.tradworker.org/
,Apache,,,,,,Christian Identity,National Prayer Network,https://truthtellers.org/
WordPress,Apache,PHP,,,,,Christian Identity,The Watchman files,http://thewatermanfiles.com/
,Apache,,,,,,Holocaust Denial,Focal Point Publications,http://www.fpp.co.uk/
WordPress,,PHP,Cloudflare,,WP Engine,,White Nationalist,Faith and Heritage,https://faithandheritage.com/
,,,Cloudflare,,,,Holocaust Denial,Deir Yassin Remembered,https://www.deiryassin.org/
WordPress,,PHP,Cloudflare,,,,White Nationalist,CCC,http://conservative-headlines.com/
,Apache,,,,,,Holocaust Denial,Reporter's notebook,http://www.reportersnotebook.com/
,Apache,,,,,,White Nationalist,Scott-Townsend Publishers,http://www.scott-townsend.com/
,Nginx,,,,,Nginx,Holocaust Denial,Campaign for Radical Truth in History,https://www.revisionisthistory.org/
,Apache,,,,,,White Nationalist,Center for Perpetual Diversity,http://www.perpetualdiversity.com/
,Apache,,,,,,White Nationalist,Social Contract Press,http://www.thesocialcontract.com/
WordPress,Apache,PHP,,,,,White Nationalist,Forza Nuova,http://www.usa.forzanuova.info/
,,,Cloudflare,,,,Holocaust Denial,Righteous Jews,https://www.righteousjews.org/
,Nginx,,,,,Nginx,Holocaust Denial,The End of Zion ,https://theendofzion.com/
,,PHP,Cloudflare,,,,Holocaust Denial,Inconvenient Truth,http://www.inconvenienthistory.com/
WordPress,,PHP,Cloudflare,,WP Engine,,White Nationalist,American Renaissance,https://www.amren.com/
Squarespace,,,,,,,White Nationalist,H.L. Mencken Club,http://hlmenckenclub.org/
,,Python,"jsDelivr, Cloudflare",,,,Holocaust Denial,Committee for Open Debate on the Holocaust,https://codoh.com/
WordPress,Nginx,PHP,,,,Nginx,Holocaust Denial,Germar Rudolf,http://germarrudolf.com/
WordPress,LiteSpeed,PHP,,,,,White Nationalist,Heritage and Destiny,http://www.efp.org.uk/
,Apache,,,,,,Holocaust Denial,Irving Books,https://irvingbooks.com/xcart/home.php
,OpenGSE,Java,,,,,White Nationalist,Alternative Right,http://alternative-right.blogspot.com/
,Apache,,,,,,White Nationalist,Patriotic Flags,https://www.patriotic-flags.com/
,,,,,,,White Nationalist,Foundation for the Marketplace of Ideas,http://www.freedomfront.org/
WordPress,LiteSpeed,PHP,,,,,White Nationalist,BUGS,http://www.whitakeronline.org/blog/
,IIS,PHP,,,,,White Nationalist,Rense Radio,https://rense.com//
WordPress,Apache,PHP,,,,,Holocaust Denial,Barnes Review/Foundation for Economic Liberty,https://barnesreview.org/
WordPress,,PHP,Cloudflare,,,,White Nationalist,Occidental Dissent,http://www.occidentaldissent.com/
WordPress,Apache,PHP,,,,,Holocaust Denial,Andrew Carrington Hitchcock,https://andrewcarringtonhitchcock.com/
Squarespace,,,,,,,Holocaust Denial,Gilad Atzmon,https://gilad.online/
WordPress,,PHP,Cloudflare,,,,White Nationalist,The Right Stuff,https://therightstuff.biz/
WordPress,,PHP,Cloudflare,,,,White Nationalist,Occidental Quarterly,https://www.toqonline.com/
,Nginx,Ruby,,,,Nginx,White Nationalist,VDARE,https://vdare.com/
WordPress,Apache,PHP,,,,,Holocaust Denial,The Realist Report,http://therealistreport.com/
Drupal,Nginx,PHP,,,,Nginx,Holocaust Denial,Institute for Historical Review,http://ihr.org/
WordPress,,PHP,Cloudflare,,SiteGround,,White Nationalist,Identity Evropa,https://www.identityevropa.com/
,,PHP,Cloudflare,,,,White Nationalist,Stormfront,https://www.stormfront.org/forum/
WordPress,Apache,PHP,,,,,Christian Identity,Anglo-Saxon Israel,https://anglo-saxonisrael.com/
WordPress,Nginx,PHP,Sucuri,,,Nginx,White Nationalist,Occidental Observer,https://www.theoccidentalobserver.net/
WordPress,,PHP,Cloudflare,,,,White Nationalist,Counter-Currents,https://www.counter-currents.com/
WordPress,Nginx,PHP,,,,Nginx,White Nationalist,NPI,https://nationalpolicy.institute/
WordPress,Apache,PHP,,,,,White Nationalist,Traditionalist Youth Network,https://www.tradyouth.org/
WordPress,,PHP,Cloudflare,,,,White Nationalist,The Political Cesspool,https://www.thepoliticalcesspool.org/
WordPress,Nginx,PHP,Sucuri,,,Nginx,White Nationalist,White Rabbit Radio,https://whiterabbitradio.net/
WordPress,Apache,PHP,,,,,White Nationalist,Northwest Front,http://northwestfront.org/
WordPress,Nginx,PHP,,,,Nginx,Holocaust Denial,Truth Will Out Films,https://twofilms.tv/
WordPress,Nginx,PHP,,,,Nginx,White Nationalist,Washington Summit Publishers,https://washsummit.com/
WordPress,Apache,PHP,,,,,White Nationalist,American Freedom Union,http://www.americanfreedomunion.com/
WordPress,Apache,PHP,,,,,Christian Identity,David James Boston,https://davidjamesboston.com/
WordPress,Nginx,PHP,,,,Nginx,White Nationalist,Radix,https://radixjournal.com/
,,,,,,,White Nationalist,American Vanguard,https://american-vanguard.org/
,Apache,,,,,,White Nationalist,Center for Perpetual Diversity,http://www.perpetualdiversity.com/
,,,,,,,White Nationalist,Traditionalist Worker Party,http://www.tradworker.org/
,Apache,,,,,,White Nationalist,Scott-Townsend Publishers,http://www.scott-townsend.com/
WordPress,LiteSpeed,PHP,,,,,White Nationalist,Heritage and Destiny,http://www.efp.org.uk/
WordPress,,PHP,Cloudflare,,,,White Nationalist,CCC,http://conservative-headlines.com/
WordPress,Apache,PHP,,,,,White Nationalist,Forza Nuova,http://www.usa.forzanuova.info/
WordPress,,PHP,Cloudflare,,WP Engine,,White Nationalist,Faith and Heritage,https://faithandheritage.com/
,Apache,,,,,,White Nationalist,Patriotic Flags,https://www.patriotic-flags.com/
,Apache,,,,,,White Nationalist,Social Contract Press,http://www.thesocialcontract.com/
WordPress,LiteSpeed,PHP,,,,,White Nationalist,BUGS,http://www.whitakeronline.org/blog/
,Nginx,Ruby,,,,Nginx,White Nationalist,VDARE,https://vdare.com/
,IIS,PHP,,,,,White Nationalist,Rense Radio,https://rense.com//
Squarespace,,,,,,,White Nationalist,H.L. Mencken Club,http://hlmenckenclub.org/
,,,,,,,White Nationalist,Foundation for the Marketplace of Ideas,http://www.freedomfront.org/
WordPress,,PHP,Cloudflare,,,,White Nationalist,Occidental Quarterly,https://www.toqonline.com/
WordPress,,PHP,Cloudflare,,,,White Nationalist,The Right Stuff,https://therightstuff.biz/
,,PHP,Cloudflare,,,,White Nationalist,Stormfront,https://www.stormfront.org/forum/
WordPress,Apache,PHP,,,,,White Nationalist,Traditionalist Youth Network,https://www.tradyouth.org/
WordPress,,PHP,Cloudflare,,,,White Nationalist,Occidental Dissent,http://www.occidentaldissent.com/
WordPress,,PHP,Cloudflare,,SiteGround,,White Nationalist,Identity Evropa,https://www.identityevropa.com/
WordPress,,PHP,Cloudflare,,,,White Nationalist,The Political Cesspool,https://www.thepoliticalcesspool.org/
WordPress,Nginx,PHP,,,,Nginx,White Nationalist,NPI,https://nationalpolicy.institute/
WordPress,Nginx,PHP,,,,Nginx,White Nationalist,Radix,https://radixjournal.com/
WordPress,Nginx,PHP,Sucuri,,,Nginx,White Nationalist,Occidental Observer,https://www.theoccidentalobserver.net/
WordPress,Nginx,PHP,,,,Nginx,White Nationalist,Washington Summit Publishers,https://washsummit.com/
WordPress,Nginx,PHP,Sucuri,,,Nginx,White Nationalist,White Rabbit Radio,https://whiterabbitradio.net/
WordPress,Apache,PHP,,,,,White Nationalist,Northwest Front,http://northwestfront.org/
WordPress,,PHP,Cloudflare,,,,White Nationalist,Counter-Currents,https://www.counter-currents.com/
